Region,Key Apps,Ticket Type,Team,YearWeek,Number,State_Type,Priority,YearWeek1
APAC,Adept,SR,Local,201950.0,INC8343578,Resolved,1.0,202001
APAC,Other,SR,GD,201950.0,INC8349715,Resolved,1.0,202001
APAC,Other,SR,GD,201950.0,INC8355109,Resolved,1.0,202001
APAC,Other,SR,GD,201950.0,INC8355131,Resolved,1.0,202001
APAC,Other,SR,GD,201950.0,INC8355494,Resolved,1.0,202001
APAC,Other,SR,GD,201950.0,INC8355778,Resolved,1.0,202001
APAC,Other,SR,GD,201950.0,INC8355951,Resolved,1.0,202001
APAC,Other,SR,GD,201950.0,INC8362886,Resolved,1.0,202001
APAC,Other,SR,GD,201950.0,INC8363184,Resolved,1.0,202001
APAC,Other,SR,GD,201950.0,INC8363214,Resolved,1.0,202001
APAC,Other,Incident,GD,201950.0,INC8364922,Resolved,1.0,202001
APAC,Other,Incident,Local,201950.0,INC8397744,Created,1.0,202001
APAC,Other,SR,GD,201950.0,INC8411262,Created,1.0,202001
Global - EMEA,Maconomy,SR,GD,201950.0,INC8361030,Resolved,1.0,202001
Global - EMEA,Maconomy,SR,GD,201950.0,INC8364308,Resolved,1.0,202001
Global - EMEA,Maconomy,SR,GD,201950.0,INC8379895,Resolved,1.0,202001
Global - EMEA,Maconomy (Kantar),SR,GD,201950.0,INC8382341,Resolved,1.0,202001
Global - EMEA,Maconomy,SR,GD,201950.0,INC8395000,Created,1.0,202001
Global - EMEA,Maconomy,SR,GD,201950.0,INC8402257,Created,1.0,202001
Global - EMEA,Maconomy,SR,GD,201950.0,INC8403144,Created,1.0,202001
Global - EMEA,Maconomy,SR,GD,201950.0,INC8413004,Created,1.0,202001
Global - EMEA,Maconomy,SR,GD,201950.0,INC8421443,Created,1.0,202001
Global - NA,Maconomy (Kantar),SER,Local,201950.0,INC7592626,Resolved,1.0,202001
LATAM,Other,SR,Local,201950.0,INC8375194,Resolved,1.0,202001
LATAM,Tango & Condor,SR,Local,201950.0,INC8395706,Created,1.0,202001
LATAM,Other,SR,Local,201950.0,INC8410479,Created,1.0,202001
LATAM,Other,SR,Local,201950.0,INC8420762,Created,1.0,202001
NA.,PeopleSoft,SR,GD,201950.0,INC8308925,Resolved,1.0,202001
NA.,Other,SR,GD,201950.0,INC8394626,Created,1.0,202001
NA.,Maconomy (Kantar),SR,GD,201950.0,INC8396668,Created,1.0,202001
APAC,Other,SR,GD,201951.0,INC8326382,Resolved,1.0,202001
APAC,Adept,Incident,GD,201951.0,INC8423187,Created,1.0,202001
APAC,Adept,Incident,GD,201951.0,INC8431349,Created,1.0,202001
APAC,Other,SR,GD,201951.0,INC8437464,Created,1.0,202001
Global - EMEA,Maconomy,SR,GD,201951.0,INC8051961,Resolved,1.0,202001
Global - EMEA,Maconomy,SR,GD,201951.0,INC8225874,Resolved,1.0,202001
Global - EMEA,Maconomy,Incident,GD,201951.0,INC8424938,Created,1.0,202001
Global - EMEA,Maconomy,SR,GD,201951.0,INC8436629,Created,1.0,202001
Global - EMEA,Maconomy,Incident,Local,201951.0,INC8453035,Created,1.0,202001
Global - NA,Maconomy (Kantar),SR,GD,201951.0,INC8426143,Created,1.0,202001
LATAM,Other,SR,Local,201951.0,INC8434836,Created,1.0,202001
LATAM,Tango & Condor,Incident,Local,201951.0,INC8441705,Created,1.0,202001
LATAM,Other,SR,Local,201951.0,INC8442717,Created,1.0,202001
NA.,Other,SR,Local,201951.0,INC8429615,Created,1.0,202001
NA.,PeopleSoft,SR,GD,201951.0,INC8442888,Created,1.0,202001
NA.,JD Edwards,Incident,GD,201951.0,INC8453742,Created,1.0,202001
APAC,Other,SR,GD,201952.0,INC8228070,Resolved,1.0,202001
APAC,Adept,SR,Local,201952.0,INC8289636,Resolved,1.0,202001
APAC,Adept,SR,GD,201952.0,INC8462138,Created,1.0,202001
APAC,Other,Incident,Local,201952.0,INC8462586,Created,1.0,202001
Global - EMEA,Maconomy,SR,Local,201952.0,INC7896699,Resolved,1.0,202001
Global - EMEA,Maconomy,SR,GD,201952.0,INC8459687,Created,1.0,202001
Global - EMEA,Maconomy,SR,GD,201952.0,INC8462042,Created,1.0,202001
Global - EMEA,Maconomy,Incident,GD,201952.0,INC8462607,Created,1.0,202001
Global - EMEA,Maconomy,SR,GD,201952.0,INC8462635,Created,1.0,202001
Global - NA,Maconomy (Kantar),Incident,GD,201952.0,INC8454928,Created,1.0,202001
Global - EMEA,Maconomy,SER,GD,202001.0,INC8158900,Resolved,1.0,202001
Global - EMEA,Maconomy,SR,GD,202001.0,INC8474552,Created,1.0,202001
Global - EMEA,Maconomy,SR,GD,202001.0,INC8474616,Created,1.0,202001
Global - EMEA,Maconomy,SR,GD,202001.0,INC8474835,Created,1.0,202001
Global - EMEA,Maconomy,Incident,GD,202001.0,INC8475503,Created,1.0,202001
Global - EMEA,Maconomy,Incident,GD,202001.0,INC8476413,Created,1.0,202001
Global - NA,Maconomy (Kantar),SR,GD,202001.0,INC8477379,Created,1.0,202001
LATAM,Other,SR,Local,202001.0,INC8477753,Created,1.0,202001
LATAM,Other,SR,Local,202001.0,INC8478622,Created,1.0,202001
Global - EMEA,Maconomy - EMEA,Incident,GD,201951.0,INC8452840,Created,1.0,202002
Global - EMEA,Maconomy - EMEA,Incident,GD,202001.0,INC8485801,Created,1.0,202002
APAC,Adept,Incident,Local,202002.0,INC8487947,Created,1.0,202002
Global - EMEA,Maconomy - EMEA,SR,GD,202002.0,INC8041283,Resolved,1.0,202002
Global - EMEA,Maconomy - EMEA,SR,GD,202002.0,INC8276091,Resolved,1.0,202002
Global - EMEA,Maconomy - EMEA,SR,GD,202002.0,INC8342092,Resolved,1.0,202002
Global - EMEA,Maconomy - EMEA,SR,GD,202002.0,INC8385806,Resolved,1.0,202002
Global - EMEA,Maconomy - EMEA,SR,GD,202002.0,INC8469015,Resolved,1.0,202002
Global - EMEA,Maconomy - EMEA,SR,GD,202002.0,INC8486347,Created,1.0,202002
Global - EMEA,Maconomy - EMEA,Incident,GD,202002.0,INC8486949,Created,1.0,202002
Global - EMEA,Maconomy - EMEA,SR,GD,202002.0,INC8489699,Created,1.0,202002
Global - EMEA,Maconomy - EMEA,Incident,GD,202002.0,INC8495666,Created,1.0,202002
Global - NA,Maconomy - NA,SR,GD,202002.0,INC8490726,Created,1.0,202002
Global - NA,Maconomy - NA,Incident,GD,202002.0,INC8498261,Created,1.0,202002
NA.,Maconomy - NA,SR,Local,202002.0,INC8495440,Created,1.0,202002
NA.,SAP,SR,GD,202001.0,INC8476840,Created,1.0,202003
APAC,Adept,SR,Local,202002.0,INC8512292,Created,1.0,202003
APAC,Adept,SR,GD,202002.0,INC8523735,Created,1.0,202003
NA.,SAP,SR,GD,202002.0,INC8493950,Created,1.0,202003
APAC,Adept,SER,Local,202003.0,INC6871369,Resolved,1.0,202003
APAC,Other - APAC,SR,GD,202003.0,INC8526011,Created,1.0,202003
APAC,Other - APAC,SR,GD,202003.0,INC8527540,Created,1.0,202003
APAC,Other - APAC,SR,GD,202003.0,INC8541170,Created,1.0,202003
APAC,Other - APAC,SR,GD,202003.0,INC8542887,Created,1.0,202003
Global - EMEA,Maconomy - EMEA,SR,GD,202003.0,INC8526182,Created,1.0,202003
Global - EMEA,Maconomy - EMEA,SR,GD,202003.0,INC8528298,Created,1.0,202003
Global - EMEA,Maconomy - EMEA,SR,GD,202003.0,INC8537837,Created,1.0,202003
Global - EMEA,Maconomy - EMEA,SER,GD,202003.0,INC8538844,Created,1.0,202003
Global - EMEA,Maconomy - EMEA,SR,GD,202003.0,INC8548014,Created,1.0,202003
Global - EMEA,Maconomy - EMEA,SR,GD,202003.0,INC8555479,Created,1.0,202003
Global - NA,Maconomy - NA,SR,GD,202003.0,INC8535125,Created,1.0,202003
LATAM,Tango & Condor,SR,Local,202003.0,INC8545846,Created,1.0,202003
NA.,Other - NA,SR,Local,202003.0,INC8382298,Resolved,1.0,202003
APAC,Adept,SR,GD,202003.0,INC8554956,Created,1.0,202004
Global - EMEA,Maconomy - EMEA,SR,GD,202003.0,INC8551019,Created,1.0,202004
Global - EMEA,Maconomy - EMEA,SR,GD,202003.0,INC8558578,Created,1.0,202004
Global - NA,Maconomy - NA,SR,GD,202003.0,INC8549994,Created,1.0,202004
LATAM,Tango & Condor,SR,Local,202003.0,INC8540980,Created,1.0,202004
APAC,Adept,Incident,Local,202004.0,INC8297713,Resolved,1.0,202004
APAC,Other - APAC,Incident,GD,202004.0,INC8561150,Created,1.0,202004
APAC,Other - APAC,Incident,GD,202004.0,INC8562606,Created,1.0,202004
APAC,Other - APAC,SR,GD,202004.0,INC8563240,Created,1.0,202004
APAC,Other - APAC,Incident,GD,202004.0,INC8567085,Created,1.0,202004
Global - EMEA,Maconomy - NA,SR,GD,202004.0,INC8562818,Created,1.0,202004
Global - EMEA,Maconomy - EMEA,SR,GD,202004.0,INC8569541,Created,1.0,202004
Global - EMEA,Maconomy - NA,SR,GD,202004.0,INC8569706,Created,1.0,202004
LATAM,Other - LATAM,Incident,Local,202004.0,INC8564241,Created,1.0,202004
LATAM,Other - LATAM,SR,Local,202004.0,INC8573647,Created,1.0,202004
LATAM,Other - LATAM,Incident,Local,202004.0,INC8579550,Created,1.0,202004
LATAM,Other - LATAM,SR,Local,202003.0,INC8553188,Created,1.0,202005
EMEA,Other - EMEA,Incident,Local,202004.0,INC8590497,Created,1.0,202005
LATAM,Other - LATAM,SR,Local,202004.0,INC8592221,Created,1.0,202005
APAC,Adept,SR,Local,202005.0,INC8014076,Resolved,1.0,202005
EMEA,Other - EMEA,SR,Local,202005.0,INC8617868,Created,1.0,202005
Global - EMEA,Maconomy - EMEA,SR,GD,202005.0,INC8605793,Created,1.0,202005
Global - EMEA,Maconomy - EMEA,SR,GD,202005.0,INC8617874,Created,1.0,202005
Global - EMEA,Maconomy - EMEA,Incident,GD,202005.0,INC8623255,Created,1.0,202005
Global - NA,Maconomy - NA,SR,GD,202005.0,INC8072366,Resolved,1.0,202005
Global - NA,Maconomy - NA,SR,GD,202005.0,INC8610948,Created,1.0,202005
LATAM,Tango & Condor,SR,Local,202005.0,INC8618647,Created,1.0,202005
NA.,PeopleSoft Ricochet,SR,GD,202005.0,INC8137198,Resolved,1.0,202005
NA.,PeopleSoft Ricochet,SR,GD,202005.0,INC8599976,Created,1.0,202005
NA.,Other - NA,SR,GD,202005.0,INC8600916,Created,1.0,202005
Global - EMEA,Maconomy - EMEA,SR,GD,202003.0,INC8558255,Created,1.0,202006
APAC,Other - APAC,SR,GD,202005.0,INC8620073,Created,1.0,202006
APAC,Other - APAC,SR,GD,202005.0,INC8620413,Created,1.0,202006
Global - EMEA,Maconomy - EMEA,SR,GD,202005.0,INC8602202,Created,1.0,202006
Global - EMEA,Maconomy - EMEA,SR,GD,202005.0,INC8622038,Created,1.0,202006
Global - EMEA,Maconomy - EMEA,Incident,GD,202005.0,INC8624501,Created,1.0,202006
Global - EMEA,Maconomy - EMEA,SR,GD,202005.0,INC8625696,Created,1.0,202006
NA.,SAP,SR,Local,202005.0,INC8599938,Created,1.0,202006
APAC,Other - APAC,SR,GD,202006.0,INC8642716,Created,1.0,202006
Global - EMEA,Maconomy - EMEA,SR,GD,202006.0,INC8629768,Created,1.0,202006
Global - EMEA,Maconomy - EMEA,Incident,GD,202006.0,INC8631885,Created,1.0,202006
Global - EMEA,Maconomy - EMEA,SR,GD,202006.0,INC8653129,Created,1.0,202006
Global - NA,Maconomy - NA,Incident,GD,202006.0,INC8651134,Created,1.0,202006
LATAM,Other - LATAM,SR,Local,202006.0,INC8630666,Created,1.0,202006
LATAM,Other - LATAM,SR,Local,202006.0,INC8640470,Created,1.0,202006
NA.,SAP,SR,Local,202006.0,INC8633672,Created,1.0,202006
Global - EMEA,Maconomy - EMEA,SR,GD,202005.0,INC8598216,Created,1.0,202007
EMEA,Other - EMEA,SR,Local,202006.0,INC8657396,Created,1.0,202007
NA.,PeopleSoft Ricochet,SR,Local,202006.0,INC8654529,Created,1.0,202007
APAC,Adept,SER,GD,202007.0,INC7880789,Resolved,1.0,202007
APAC,Other - APAC,SR,GD,202007.0,INC8679572,Created,1.0,202007
APAC,Other - APAC,SR,GD,202007.0,INC8680058,Created,1.0,202007
APAC,Other - APAC,SR,GD,202007.0,INC8680367,Created,1.0,202007
APAC,Other - APAC,SR,GD,202007.0,INC8680951,Created,1.0,202007
Global - EMEA,Maconomy - NA,SER,GD,202007.0,INC8080713,Resolved,1.0,202007
Global - EMEA,Maconomy - EMEA,SR,GD,202007.0,INC8667471,Created,1.0,202007
Global - EMEA,Maconomy - EMEA,SR,GD,202007.0,INC8678350,Created,1.0,202007
Global - EMEA,Maconomy - EMEA,SR,GD,202007.0,INC8693376,Created,1.0,202007
LATAM,Other - LATAM,SR,Local,202007.0,INC8668271,Created,1.0,202007
LATAM,Other - LATAM,SR,Local,202007.0,INC8682969,Created,1.0,202007
NA.,SAP,SR,Local,202007.0,INC8558572,Resolved,1.0,202007
NA.,PeopleSoft Ricochet,SR,GD,202007.0,INC8669252,Created,1.0,202007
APAC,Adept,SR,Local,202007.0,INC8688893,Created,1.0,202008
APAC,Adept,Incident,GD,202008.0,INC8268208,Resolved,1.0,202008
APAC,Adept,SER,Local,202008.0,INC8275114,Resolved,1.0,202008
APAC,Other - APAC,SR,GD,202008.0,INC8526745,Resolved,1.0,202008
EMEA,Other - EMEA,Incident,Local,202008.0,INC8730158,Created,1.0,202008
Global - EMEA,Maconomy - EMEA,SR,GD,202008.0,INC8051871,Resolved,1.0,202008
Global - EMEA,Maconomy - EMEA,SR,GD,202008.0,INC8712298,Created,1.0,202008
NA.,Other - NA,SR,GD,202008.0,INC8712626,Created,1.0,202008
NA.,Other - NA,SR,GD,202008.0,INC8726876,Created,1.0,202008
Global - NA,Maconomy - NA,SR,Local,202006.0,INC8653262,Created,1.0,202009
Global - NA,Maconomy - NA,SR,Local,202006.0,INC8653448,Created,1.0,202009
Global - EMEA,Maconomy - EMEA,SR,GD,202007.0,INC8696022,Created,1.0,202009
NA.,SAP,SR,Local,202007.0,INC8678838,Created,1.0,202009
Global - EMEA,Maconomy - EMEA,SR,GD,202008.0,INC8731227,Created,1.0,202009
Global - NA,Maconomy - NA,SR,Local,202008.0,INC8708603,Created,1.0,202009
Global - NA,Maconomy - NA,SR,Local,202008.0,INC8709188,Created,1.0,202009
Global - NA,Maconomy - NA,SR,Local,202008.0,INC8709685,Created,1.0,202009
APAC,Other - APAC,Incident,GD,202009.0,INC8734142,Created,1.0,202009
APAC,Other - APAC,SR,GD,202009.0,INC8736385,Created,1.0,202009
APAC,Adept,Incident,Local,202009.0,INC8748372,Created,1.0,202009
APAC,Other - APAC,SR,GD,202009.0,INC8748617,Created,1.0,202009
APAC,Other - APAC,SR,GD,202009.0,INC8758142,Created,1.0,202009
Global - EMEA,HR.net (Talent Tree),SR,GD,202009.0,INC8735486,Created,1.0,202009
Global - EMEA,Maconomy - EMEA,SR,Local,202009.0,INC8765058,Created,1.0,202009
LATAM,Other - LATAM,SR,Local,202009.0,INC8616647,Resolved,1.0,202009
LATAM,Other - LATAM,Incident,Local,202009.0,INC8752506,Created,1.0,202009
LATAM,Other - LATAM,SR,Local,202009.0,INC8765950,Created,1.0,202009
APAC,Other - APAC,SR,GD,202009.0,INC8748758,Created,1.0,202010
Global - NA,Maconomy - NA,SR,GD,202009.0,INC8736962,Created,1.0,202010
APAC,Other - APAC,SR,GD,202010.0,INC8771635,Created,1.0,202010
Global - EMEA,Maconomy - EMEA,SR,GD,202010.0,INC8778355,Created,1.0,202010
Global - EMEA,Maconomy - EMEA,SR,GD,202010.0,INC8803260,Created,1.0,202010
Global - EMEA,Maconomy - EMEA,Incident,GD,202010.0,INC8803364,Created,1.0,202010
NA.,Other - NA,SR,GD,202010.0,INC8791708,Created,1.0,202010
Global - EMEA,Maconomy - EMEA,SR,GD,202010.0,INC8774080,Created,1.0,202011
Global - EMEA,Maconomy - EMEA,SR,GD,202010.0,INC8775793,Created,1.0,202011
Global - EMEA,Maconomy - EMEA,SR,GD,202010.0,INC8795185,Created,1.0,202011
APAC,Other - APAC,SR,GD,202011.0,INC8806508,Created,1.0,202011
Global - EMEA,Maconomy - EMEA,SR,GD,202011.0,INC8812296,Created,1.0,202011
Global - EMEA,Maconomy - EMEA,SR,GD,202011.0,INC8823567,Created,1.0,202011
Global - NA,Maconomy - NA,SER,Local,202011.0,INC7505025,Resolved,1.0,202011
Global - NA,Maconomy - NA,SR,GD,202011.0,INC7900446,Resolved,1.0,202011
Global - NA,Maconomy - NA,Incident,GD,202011.0,INC8807795,Created,1.0,202011
Global - NA,Maconomy - NA,SR,GD,202011.0,INC8831784,Created,1.0,202011
LATAM,Other - LATAM,SR,Local,202011.0,INC8818485,Created,1.0,202011
LATAM,Other - LATAM,SR,Local,202011.0,INC8827249,Created,1.0,202011
LATAM,Other - LATAM,SR,Local,202011.0,INC8844072,Created,1.0,202011
Global - EMEA,Maconomy - EMEA,SR,GD,202009.0,INC8733927,Created,1.0,202012
Global - EMEA,Maconomy - EMEA,SR,GD,202009.0,INC8750846,Created,1.0,202012
Global - EMEA,Maconomy - EMEA,SR,GD,202010.0,INC8771455,Created,1.0,202012
Global - NA,Maconomy - NA,SR,GD,202010.0,INC8788801,Created,1.0,202012
LATAM,Other - LATAM,SR,Local,202010.0,INC8783785,Created,1.0,202012
Global - EMEA,Maconomy - NA,SR,GD,202011.0,INC8831855,Created,1.0,202012
Global - EMEA,Maconomy - NA,SR,GD,202012.0,INC8649577,Resolved,1.0,202012
Global - NA,Maconomy - NA,SR,GD,202012.0,INC8856778,Created,1.0,202012
Global - NA,Maconomy - NA,Incident,Local,202012.0,INC8883481,Created,1.0,202012
NA.,SAP,SR,Local,202012.0,INC8858052,Created,1.0,202012
NA.,PeopleSoft Ricochet,Incident,GD,202012.0,INC8882228,Created,1.0,202012
APAC,Other - APAC,SR,GD,202011.0,INC8835994,Created,1.0,202013
Global - EMEA,Maconomy - EMEA,SR,GD,202011.0,INC8820813,Created,1.0,202013
Global - NA,Maconomy - NA,SR,GD,202012.0,INC8882954,Created,1.0,202013
LATAM,Other - LATAM,SR,Local,202012.0,INC8873475,Created,1.0,202013
LATAM,Other - LATAM,SR,Local,202012.0,INC8879535,Created,1.0,202013
APAC,Adept,SR,GD,202013.0,INC8890314,Created,1.0,202013
Global - EMEA,Maconomy - EMEA,SR,GD,202013.0,INC8890843,Created,1.0,202013
Global - EMEA,Maconomy - EMEA,SER,Local,202013.0,INC8900813,Created,1.0,202013
Global - NA,Maconomy - NA,SR,Local,202013.0,INC8894677,Created,1.0,202013
Global - NA,Maconomy - NA,SR,GD,202013.0,INC8912350,Created,1.0,202013
NA.,SAP,SR,Local,202013.0,INC8910138,Created,1.0,202013
Global - EMEA,Maconomy - EMEA,SR,GD,202014.0,INC7656621,Resolved,1.0,202014
Global - EMEA,Maconomy - EMEA,SR,GD,202014.0,INC8941152,Created,1.0,202014
LATAM,Tango & Condor,SR,Local,202014.0,INC8943492,Created,1.0,202014
NA.,Other - NA,SR,GD,202014.0,INC8926065,Created,1.0,202014
NA.,SAP,SR,GD,202013.0,INC8920501,Created,1.0,202015
APAC,Adept,SR,Local,202014.0,INC8931324,Created,1.0,202015
Global - EMEA,Maconomy - EMEA,Incident,GD,202014.0,INC8952230,Created,1.0,202015
Global - EMEA,Maconomy - EMEA,SR,GD,202014.0,INC8955077,Created,1.0,202015
NA.,Other - NA,SR,GD,202014.0,INC8948801,Created,1.0,202015
NA.,SAP,SR,Local,202014.0,INC8951968,Created,1.0,202015
APAC,Adept,Incident,GD,202015.0,INC8963167,Created,1.0,202015
APAC,Adept,Incident,GD,202015.0,INC8966479,Created,1.0,202015
Global - EMEA,Maconomy - EMEA,SR,GD,202015.0,INC8963425,Created,1.0,202015
Global - EMEA,Maconomy - EMEA,SR,GD,202015.0,INC8968561,Created,1.0,202015
APAC,Other - APAC,SR,GD,202015.0,INC8968029,Created,1.0,202016
APAC,Adept,SR,Local,202016.0,INC8990499,Created,1.0,202016
LATAM,Other - LATAM,SR,Local,202016.0,INC8998220,Created,1.0,202016
APAC,Other - APAC,SR,GD,202016.0,INC8988924,Created,1.0,202017
APAC,Adept,SR,GD,202016.0,INC8995973,Created,1.0,202017
Global - EMEA,Maconomy - EMEA,SR,GD,202016.0,INC8984898,Created,1.0,202017
Global - EMEA,Maconomy - NA,SR,GD,202016.0,INC8988494,Created,1.0,202017
APAC,Adept,SR,Local,202017.0,INC9007089,Created,1.0,202017
Global - EMEA,Maconomy - EMEA,SER,Local,202017.0,INC5766246,Resolved,1.0,202017
Global - EMEA,Maconomy - EMEA,SR,GD,202017.0,INC9009690,Created,1.0,202017
LATAM,Other - LATAM,SR,Local,202017.0,INC8813615,Resolved,1.0,202017
LATAM,Other - LATAM,SR,Local,202017.0,INC9007793,Created,1.0,202017
LATAM,Other - LATAM,SR,Local,202017.0,INC9028597,Created,1.0,202017
NA.,PeopleSoft Ricochet,SR,GD,202017.0,INC8329587,Resolved,1.0,202017
APAC,Adept,SR,GD,202015.0,INC8977009,Created,1.0,202018
LATAM,Other - LATAM,SR,Local,202016.0,INC8982185,Created,1.0,202018
APAC,Other - APAC,SR,GD,202017.0,INC9020664,Created,1.0,202018
Global - EMEA,Maconomy - EMEA,SR,GD,202017.0,INC9019391,Created,1.0,202018
APAC,Other - APAC,SR,Local,202018.0,INC9037901,Created,1.0,202018
APAC,Other - APAC,SR,GD,202018.0,INC9041126,Created,1.0,202018
Global - EMEA,Maconomy - EMEA,SR,GD,202018.0,INC8778969,Resolved,1.0,202018
Global - EMEA,Maconomy - EMEA,SR,Local,202018.0,INC9051780,Created,1.0,202018
NA.,PeopleSoft Ricochet,SR,GD,202018.0,INC8056108,Resolved,1.0,202018
APAC,Adept,SR,GD,202018.0,INC9042556,Created,1.0,202019
APAC,Other - APAC,SR,GD,202018.0,INC9045789,Created,1.0,202019
Global - EMEA,Maconomy - EMEA,SR,GD,202018.0,INC9049382,Created,1.0,202019
APAC,Adept,Incident,Local,202019.0,INC9076960,Created,1.0,202019
Global - EMEA,Maconomy - EMEA,SR,GD,202019.0,INC9061464,Created,1.0,202019
Global - NA,Maconomy - NA,SR,GD,202019.0,INC9073159,Created,1.0,202019
NA.,PeopleSoft Ricochet,SR,GD,202019.0,INC8320675,Resolved,1.0,202019
NA.,SAP,SR,GD,202019.0,INC9070519,Created,1.0,202019
LATAM,Tango & Condor,Incident,Local,202018.0,INC9039673,Created,1.0,202020
APAC,Adept,SR,GD,202019.0,INC9076903,Created,1.0,202020
Global - EMEA,Maconomy - EMEA,SR,GD,202019.0,INC9063753,Created,1.0,202020
EMEA,Other - EMEA,Incident,Local,202020.0,INC4511331,Resolved,1.0,202020
Global - EMEA,Maconomy - EMEA,SR,Local,202020.0,INC9085706,Created,1.0,202020
Global - EMEA,Maconomy - EMEA,Incident,GD,202020.0,INC9098786,Created,1.0,202020
Global - NA,Maconomy - NA,SR,GD,202020.0,INC9092975,Created,1.0,202020
APAC,Adept,Incident,Local,202018.0,INC9043555,Created,1.0,202021
APAC,Adept,SR,GD,202019.0,INC9071410,Created,1.0,202021
Global - EMEA,Maconomy - NA,SR,GD,202020.0,INC9106450,Created,1.0,202021
Global - NA,Maconomy - NA,SR,GD,202020.0,INC9095234,Created,1.0,202021
Global - NA,Maconomy - NA,SR,GD,202020.0,INC9096076,Created,1.0,202021
APAC,Other - APAC,Incident,GD,202021.0,INC9108505,Created,1.0,202021
APAC,Adept,Incident,Local,202021.0,INC9108764,Created,1.0,202021
APAC,Other - APAC,SR,GD,202021.0,INC9124898,Created,1.0,202021
Global - EMEA,Maconomy - NA,SR,GD,202021.0,INC9111090,Created,1.0,202021
LATAM,Other - LATAM,Incident,Local,202021.0,INC9117188,Created,1.0,202021
LATAM,Other - LATAM,Incident,Local,202021.0,INC9126690,Created,1.0,202021
APAC,Other - APAC,SR,GD,202019.0,INC9077770,Created,1.0,202022
Global - NA,Maconomy - NA,SR,GD,202020.0,INC9083873,Created,1.0,202022
Global - NA,Maconomy - NA,SR,GD,202021.0,INC9126359,Created,1.0,202022
LATAM,Tango & Condor,SR,Local,202021.0,INC9123368,Created,1.0,202022
APAC,Other - APAC,SR,GD,202022.0,INC9136734,Created,1.0,202022
APAC,Other - APAC,SR,GD,202022.0,INC9142411,Created,1.0,202022
APAC,Other - APAC,SR,GD,202022.0,INC9142438,Created,1.0,202022
APAC,Other - APAC,SR,GD,202022.0,INC9142639,Created,1.0,202022
LATAM,Other - LATAM,SR,Local,202022.0,INC9145107,Created,1.0,202022
LATAM,Other - LATAM,SR,Local,202022.0,INC9155683,Created,1.0,202022
NA.,SAP,SR,GD,202022.0,INC9135706,Created,1.0,202022
NA.,Other - NA,SR,GD,202022.0,INC9148256,Created,1.0,202022
APAC,Other - APAC,SR,GD,202022.0,INC9137000,Created,1.0,202023
Global - EMEA,Maconomy - EMEA,Incident,GD,202022.0,INC9154370,Created,1.0,202023
Global - NA,Maconomy - NA,SR,GD,202022.0,INC9135415,Created,1.0,202023
LATAM,Other - LATAM,SR,Local,202022.0,INC9156071,Created,1.0,202023
Global - NA,Maconomy - NA,SR,GD,202023.0,INC9160915,Created,1.0,202023
Global - NA,Maconomy - NA,SR,GD,202023.0,INC9167660,Created,1.0,202023
Global - EMEA,Maconomy - EMEA,SR,Local,202024.0,INC9209849,Created,1.0,202024
LATAM,Other - LATAM,SR,Local,202024.0,INC9190807,Created,1.0,202024
NA.,Other - NA,SR,GD,202024.0,INC9198670,Created,1.0,202025
APAC,Adept,SER,GD,202025.0,INC7244352,Resolved,1.0,202025
Global - EMEA,Maconomy - EMEA,SR,GD,202025.0,INC9221405,Created,1.0,202025
LATAM,Other - LATAM,SR,Local,202025.0,INC9228060,Created,1.0,202025
LATAM,Tango & Condor,SER,Local,202024.0,INC9191905,Created,1.0,202026
APAC,Other - APAC,SR,GD,202025.0,INC9236169,Created,1.0,202026
Global - EMEA,Maconomy - EMEA,SR,Local,202025.0,INC9232355,Created,1.0,202026
LATAM,Other - LATAM,SR,Local,202026.0,INC9139732,Resolved,1.0,202026
LATAM,Other - LATAM,Incident,Local,202026.0,INC9246630,Created,1.0,202026
Global - EMEA,Maconomy - EMEA,SER,GD,202025.0,INC9227345,Created,1.0,202027
LATAM,Tango & Condor,Incident,Local,202026.0,INC9252362,Created,1.0,202027
LATAM,Other - LATAM,SR,Local,202026.0,INC9258452,Created,1.0,202027
APAC,Other - APAC,SR,GD,202027.0,INC9270706,Created,1.0,202027
Global - NA,Maconomy - NA,SR,Local,202027.0,INC7136533,Resolved,1.0,202027
LATAM,Other - LATAM,SR,Local,202026.0,INC9263367,Created,1.0,202028
APAC,Adept,SR,Local,202027.0,INC9294961,Created,1.0,202028
Global - NA,Maconomy - NA,Incident,GD,202027.0,INC9295945,Created,1.0,202028
NA.,SAP,SR,GD,202027.0,INC9274747,Created,1.0,202028
Global - EMEA,Maconomy - EMEA,SR,GD,202028.0,INC9325204,Created,1.0,202028
Global - NA,Maconomy - NA,SR,GD,202028.0,INC8778665,Resolved,1.0,202028
Global - NA,Maconomy - NA,SR,GD,202028.0,INC9302775,Created,1.0,202028
LATAM,Other - LATAM,SR,Local,202028.0,INC9317552,Created,1.0,202028
APAC,Other - APAC,SR,GD,202027.0,INC9278199,Created,1.0,202029
Global - NA,Maconomy - NA,SR,GD,202029.0,INC9345802,Created,1.0,202029
Global - NA,Maconomy - NA,SR,GD,202029.0,INC9352153,Created,1.0,202029
LATAM,Other - LATAM,Incident,Local,202029.0,INC9335064,Created,1.0,202029
LATAM,Other - LATAM,Incident,Local,202029.0,INC9341800,Created,1.0,202029
Global - NA,Maconomy - NA,SER,Local,202028.0,INC9311305,Created,1.0,202030
APAC,Adept,SR,GD,202030.0,INC9084939,Resolved,1.0,202030
Global - EMEA,Maconomy - EMEA,SR,GD,202030.0,INC9366022,Created,1.0,202030
LATAM,Other - LATAM,SR,Local,202030.0,INC9384868,Created,1.0,202030
LATAM,Other - LATAM,SR,Local,202030.0,INC9385912,Created,1.0,202030
LATAM,Tango & Condor,SER,Local,202029.0,INC9349150,Created,1.0,202031
APAC,Other - APAC,SR,Local,202030.0,INC9389900,Created,1.0,202031
APAC,Adept,SR,Local,202031.0,INC9394625,Created,1.0,202031
Global - EMEA,Maconomy - EMEA,SR,GD,202031.0,INC9406169,Created,1.0,202031
LATAM,Other - LATAM,Incident,Local,202031.0,INC9397754,Created,1.0,202031
LATAM,Other - LATAM,SR,Local,202031.0,INC9416292,Created,1.0,202031
NA.,SAP,SR,GD,202031.0,INC9397928,Created,1.0,202031
Global - NA,Maconomy - NA,SR,Local,202029.0,INC9362016,Created,1.0,202032
LATAM,Other - LATAM,Incident,Local,202031.0,INC9416263,Created,1.0,202032
APAC,Other - APAC,SR,GD,202032.0,INC9423445,Created,1.0,202032
APAC,Other - APAC,SR,GD,202032.0,INC9426343,Created,1.0,202032
Global - EMEA,Maconomy - EMEA,SR,GD,202032.0,INC9449163,Created,1.0,202032
Global - EMEA,Maconomy - EMEA,SR,GD,202032.0,INC9450571,Created,1.0,202032
Global - NA,Maconomy - NA,SR,Local,202032.0,INC8518325,Resolved,1.0,202032
LATAM,Other - LATAM,SR,Local,202032.0,INC9428315,Created,1.0,202032
LATAM,Other - LATAM,SR,Local,202032.0,INC9429860,Created,1.0,202032
LATAM,Other - LATAM,Incident,Local,202032.0,INC9430162,Created,1.0,202032
LATAM,Other - LATAM,Incident,Local,202032.0,INC9432731,Created,1.0,202032
LATAM,Other - LATAM,SR,Local,202032.0,INC9437535,Created,1.0,202032
NA.,SAP,SR,GD,202032.0,INC9427692,Created,1.0,202032
LATAM,Other - LATAM,SR,Local,202031.0,INC9415012,Created,1.0,202033
APAC,Other - APAC,SR,Local,202032.0,INC9447393,Created,1.0,202033
LATAM,Other - LATAM,Incident,Local,202032.0,INC9436726,Created,1.0,202033
NA.,Other - NA,Incident,GD,202032.0,INC9432824,Created,1.0,202033
NA.,SAP,SR,GD,202032.0,INC9445124,Created,1.0,202033
NA.,PeopleSoft Ricochet,SR,GD,202032.0,INC9450646,Created,1.0,202033
APAC,Adept,SR,GD,202033.0,INC9147846,Resolved,1.0,202033
LATAM,Other - LATAM,Incident,Local,202033.0,INC9466991,Created,1.0,202033
NA.,Other - NA,SR,Local,202033.0,INC8612714,Resolved,1.0,202033
APAC,Adept,SR,GD,202033.0,INC9475840,Created,1.0,202034
Global - EMEA,Maconomy - EMEA,SR,GD,202033.0,INC9460755,Created,1.0,202034
APAC,Other - APAC,SR,GD,202034.0,INC9490188,Created,1.0,202034
APAC,Other - APAC,SR,GD,202034.0,INC9497043,Created,1.0,202034
APAC,Other - APAC,SR,GD,202034.0,INC9503519,Created,1.0,202034
APAC,Other - APAC,SR,GD,202034.0,INC9503525,Created,1.0,202034
APAC,Adept,SR,GD,202034.0,INC9504134,Created,1.0,202034
Global - EMEA,Maconomy - EMEA,SER,GD,202034.0,INC9139243,Resolved,1.0,202034
Global - EMEA,Maconomy - EMEA,SR,GD,202034.0,INC9297740,Resolved,1.0,202034
Global - EMEA,Maconomy - EMEA,SR,GD,202034.0,INC9500133,Created,1.0,202034
Global - EMEA,Maconomy - EMEA,SR,GD,202034.0,INC9514100,Created,1.0,202034
LATAM,Tango & Condor,Incident,Local,202034.0,INC9224915,Resolved,1.0,202034
APAC,Other - APAC,SR,GD,202033.0,INC9464257,Created,1.0,202035
APAC,Other - APAC,SR,GD,202034.0,INC9496539,Created,1.0,202035
APAC,Adept,Incident,Local,202034.0,INC9516724,Created,1.0,202035
Global - EMEA,Maconomy - EMEA,SR,GD,202034.0,INC9512717,Created,1.0,202035
APAC,Other - APAC,SR,GD,202035.0,INC9159273,Resolved,1.0,202035
APAC,Other - APAC,SR,GD,202035.0,INC9356038,Resolved,1.0,202035
APAC,Adept,SR,GD,202035.0,INC9524067,Created,1.0,202035
Global - EMEA,Maconomy - EMEA,SER,GD,202035.0,INC9139192,Resolved,1.0,202035
Global - EMEA,Maconomy - NA,Incident,GD,202035.0,INC9524661,Created,1.0,202035
Global - EMEA,Maconomy - EMEA,SR,GD,202035.0,INC9532322,Created,1.0,202035
Global - EMEA,Maconomy - EMEA,SR,GD,202035.0,INC9532596,Created,1.0,202035
Global - EMEA,Maconomy - EMEA,SR,GD,202035.0,INC9540100,Created,1.0,202035
Global - EMEA,Maconomy - EMEA,Incident,GD,202035.0,INC9542805,Created,1.0,202035
Global - EMEA,Maconomy - EMEA,SR,GD,202035.0,INC9545042,Created,1.0,202035
Global - EMEA,Maconomy - EMEA,SER,Local,202035.0,INC9548225,Created,1.0,202035
LATAM,Other - LATAM,Incident,Local,202035.0,INC9529517,Created,1.0,202035
LATAM,Other - LATAM,Incident,Local,202035.0,INC9535451,Created,1.0,202035
NA.,Other - NA,SR,GD,202035.0,INC9548183,Created,1.0,202035
EMEA,Other - EMEA,SR,Local,202035.0,INC9543626,Created,1.0,202036
Global - NA,Maconomy - NA,Incident,GD,202035.0,INC9557758,Created,1.0,202036
APAC,Other - APAC,SR,GD,202036.0,INC9558830,Created,1.0,202036
APAC,Adept,Incident,Local,202036.0,INC9573161,Created,1.0,202036
APAC,Adept,Incident,GD,202036.0,INC9579658,Created,1.0,202036
LATAM,Other - LATAM,Incident,Local,202036.0,INC9576779,Created,1.0,202036
LATAM,Other - LATAM,Incident,Local,202036.0,INC9583033,Created,1.0,202036
Global - EMEA,Maconomy - EMEA,SR,GD,202035.0,INC9551648,Created,1.0,202037
APAC,Other - APAC,SR,GD,202036.0,INC9572561,Created,1.0,202037
Global - EMEA,Maconomy - EMEA,SR,GD,202036.0,INC9590522,Created,1.0,202037
APAC,Other - APAC,SR,Local,202037.0,INC9370410,Resolved,1.0,202037
APAC,Adept,SR,GD,202037.0,INC9607780,Created,1.0,202037
Global - NA,Maconomy - NA,SR,GD,202037.0,INC9606091,Created,1.0,202037
LATAM,Tango & Condor,SER,Local,202037.0,INC7314042,Resolved,1.0,202037
LATAM,Other - LATAM,SR,Local,202037.0,INC9609424,Created,1.0,202037
LATAM,Other - LATAM,Incident,Local,202037.0,INC9613558,Created,1.0,202037
NA.,PeopleSoft Ricochet,SR,GD,202037.0,INC8009929,Resolved,1.0,202037
APAC,Other - APAC,SR,GD,202036.0,INC9585423,Created,1.0,202038
Global - EMEA,Maconomy - EMEA,SR,GD,202037.0,INC9598319,Created,1.0,202038
Global - EMEA,HR.net (Talent Tree),SR,GD,202037.0,INC9622527,Created,1.0,202038
Global - EMEA,Maconomy - EMEA,SR,GD,202037.0,INC9625460,Created,1.0,202038
LATAM,Other - LATAM,Incident,Local,202037.0,INC9618977,Created,1.0,202038
APAC,Other - APAC,SR,GD,202038.0,INC9651342,Created,1.0,202038
Global - EMEA,HR.net (Talent Tree),SR,GD,202038.0,INC9629685,Created,1.0,202038
Global - EMEA,Maconomy - EMEA,SR,GD,202038.0,INC9636952,Created,1.0,202038
LATAM,Other - LATAM,Incident,Local,202038.0,INC9635445,Created,1.0,202038
LATAM,Other - LATAM,SR,Local,202038.0,INC9660577,Created,1.0,202038
Global - EMEA,Maconomy - EMEA,SR,GD,202036.0,INC9564295,Created,1.0,202039
Global - EMEA,Maconomy - EMEA,SER,GD,202038.0,INC9646835,Created,1.0,202039
LATAM,Other - LATAM,Incident,Local,202038.0,INC9660912,Created,1.0,202039
APAC,Adept,SR,GD,202039.0,INC9668053,Created,1.0,202039
Global - EMEA,Maconomy - EMEA,SR,GD,202039.0,INC9493587,Resolved,1.0,202039
Global - EMEA,Maconomy - EMEA,SR,GD,202039.0,INC9691204,Created,1.0,202039
Global - EMEA,Maconomy - EMEA,SR,GD,202039.0,INC9693062,Created,1.0,202039
Global - NA,Maconomy - NA,SR,GD,202039.0,INC9680279,Created,1.0,202039
LATAM,Other - LATAM,SR,Local,202039.0,INC9692598,Created,1.0,202039
LATAM,Other - LATAM,SR,Local,202039.0,INC9692802,Created,1.0,202039
NA.,SAP,SR,GD,202039.0,INC9673669,Created,1.0,202039
APAC,Other - APAC,SR,GD,202039.0,INC9703369,Created,1.0,202040
APAC,Other - APAC,SR,GD,202040.0,INC8968492,Resolved,1.0,202040
APAC,Adept,Incident,Local,202040.0,INC9711648,Created,1.0,202040
Global - EMEA,Maconomy - EMEA,SR,GD,202040.0,INC9720590,Created,1.0,202040
Global - EMEA,Maconomy - EMEA,Incident,GD,202040.0,INC9731830,Created,1.0,202040
Global - NA,Maconomy - NA,SER,Local,202040.0,INC7665982,Resolved,1.0,202040
Global - NA,Maconomy - NA,SR,Local,202040.0,INC9713793,Created,1.0,202040
Global - NA,Maconomy - NA,SR,GD,202040.0,INC9720309,Created,1.0,202040
LATAM,Other - LATAM,Incident,Local,202040.0,INC9708889,Created,1.0,202040
APAC,Other - APAC,Incident,GD,202041.0,INC9759341,Created,1.0,202041
Global - EMEA,Maconomy - EMEA,SR,GD,202041.0,INC9742036,Created,1.0,202041
Global - EMEA,Maconomy - EMEA,Incident,GD,202041.0,INC9742115,Created,1.0,202041
LATAM,Other - LATAM,SR,Local,202041.0,INC9744953,Created,1.0,202041
LATAM,Other - LATAM,SR,Local,202041.0,INC9749797,Created,1.0,202041
LATAM,Other - LATAM,Incident,Local,202041.0,INC9757138,Created,1.0,202041
LATAM,Tango & Condor,Incident,Local,202040.0,INC9709193,Created,1.0,202042
APAC,Other - APAC,Incident,GD,202042.0,INC9778736,Created,1.0,202042
Global - EMEA,Maconomy - NA,SER,GD,202042.0,INC9782551,Created,1.0,202042
Global - EMEA,Maconomy - EMEA,SR,GD,202042.0,INC9784836,Created,1.0,202042
Global - NA,Maconomy - NA,SER,Local,202042.0,INC6196426,Resolved,1.0,202042
Global - NA,Maconomy - NA,Incident,GD,202042.0,INC9773125,Created,1.0,202042
LATAM,Other - LATAM,Incident,Local,202042.0,INC9783735,Created,1.0,202042
NA.,PeopleSoft Ricochet,SR,Local,202042.0,INC9793182,Created,1.0,202042
Global - NA,Maconomy - NA,SER,GD,202042.0,INC9773507,Created,1.0,202043
LATAM,Other - LATAM,SR,Local,202042.0,INC9797760,Created,1.0,202043
APAC,Other - APAC,Incident,GD,202043.0,INC9807089,Created,1.0,202043
APAC,Other - APAC,SR,GD,202043.0,INC9814609,Created,1.0,202043
Global - EMEA,Maconomy - EMEA,SR,GD,202043.0,INC9812138,Created,1.0,202043
Global - NA,Maconomy - NA,SER,Local,202043.0,INC8482938,Resolved,1.0,202043
Global - NA,Maconomy - NA,SR,GD,202043.0,INC9244480,Resolved,1.0,202043
Global - NA,Maconomy - NA,SR,GD,202043.0,INC9817962,Created,1.0,202043
LATAM,Other - LATAM,SR,Local,202043.0,INC9687508,Resolved,1.0,202043
LATAM,Other - LATAM,Incident,Local,202043.0,INC9823688,Created,1.0,202043
Global - EMEA,Maconomy - EMEA,SR,GD,202043.0,INC9818155,Created,1.0,202044
Global - EMEA,Maconomy - EMEA,SR,GD,202044.0,INC9858064,Created,1.0,202044
Global - EMEA,Maconomy - EMEA,SR,GD,202044.0,INC9864089,Created,1.0,202044
Global - EMEA,Maconomy - EMEA,SR,GD,202042.0,INC9784227,Created,1.0,202045
LATAM,Other - LATAM,Incident,Local,202043.0,INC9831299,Created,1.0,202045
LATAM,Other - LATAM,SR,Local,202045.0,INC9882121,Created,1.0,202045
LATAM,Other - LATAM,Incident,Local,202045.0,INC9888676,Created,1.0,202045
LATAM,Other - LATAM,Incident,Local,202045.0,INC9890395,Created,1.0,202045
NA.,SAP,SR,GD,202045.0,INC9889486,Created,1.0,202045
Global - EMEA,Maconomy - EMEA,SER,GD,202043.0,INC9833199,Created,1.0,202046
Global - EMEA,Maconomy - EMEA,SR,GD,202044.0,INC9847522,Created,1.0,202046
LATAM,Other - LATAM,Incident,Local,202044.0,INC9845747,Created,1.0,202046
APAC,Adept,SR,GD,202045.0,INC9892145,Created,1.0,202046
LATAM,Other - LATAM,SR,Local,202045.0,INC9896650,Created,1.0,202046
Global - EMEA,Maconomy - NA,Incident,GD,202046.0,INC9450227,Resolved,1.0,202046
NA.,SAP,SR,GD,202046.0,INC9931177,Created,1.0,202046
APAC,Adept,Incident,Local,202046.0,INC9927152,Created,1.0,202047
Global - EMEA,Maconomy - EMEA,SR,GD,202046.0,INC9929715,Created,1.0,202047
Global - EMEA,Maconomy - EMEA,SR,GD,202046.0,INC9939963,Created,1.0,202047
LATAM,Other - LATAM,SR,Local,202046.0,INC9911401,Created,1.0,202047
LATAM,Other - LATAM,SR,Local,202046.0,INC9925409,Created,1.0,202047
LATAM,Tango & Condor,Incident,Local,202046.0,INC9936166,Created,1.0,202047
APAC,Adept,SR,GD,202047.0,INC9538707,Resolved,1.0,202047
APAC,Adept,SR,GD,202047.0,INC9954339,Created,1.0,202047
APAC,Other - APAC,Incident,GD,202047.0,INC9960310,Created,1.0,202047
Global - EMEA,Maconomy - EMEA,SR,GD,202047.0,INC9960918,Created,1.0,202047
LATAM,Other - LATAM,SR,Local,202047.0,INC9945539,Created,1.0,202047
LATAM,Other - LATAM,Incident,Local,202047.0,INC9949263,Created,1.0,202047
APAC,Adept,Incident,Local,202045.0,INC9873174,Created,1.0,202048
LATAM,Other - LATAM,SER,Local,202047.0,INC9969789,Created,1.0,202048
APAC,Adept,SR,GD,202048.0,INC9985989,Created,1.0,202048
Global - EMEA,Maconomy - EMEA,SR,Local,202048.0,INC9977440,Created,1.0,202048
Global - EMEA,Maconomy - EMEA,SR,GD,202048.0,INC9977843,Created,1.0,202048
Global - EMEA,Maconomy - EMEA,Incident,GD,202048.0,INC9983207,Created,1.0,202048
Global - EMEA,Maconomy - EMEA,SR,GD,202048.0,INC9983905,Created,1.0,202048
Global - EMEA,Maconomy - EMEA,SR,GD,202048.0,INC9986983,Created,1.0,202048
Global - EMEA,Maconomy - EMEA,SR,GD,202048.0,INC9990088,Created,1.0,202048
Global - EMEA,Maconomy - EMEA,Incident,GD,202048.0,INC9993777,Created,1.0,202048
Global - EMEA,Maconomy - EMEA,SER,Local,202048.0,INC9997798,Created,1.0,202048
LATAM,Other - LATAM,Incident,Local,202048.0,INC9791493,Resolved,1.0,202048
LATAM,Other - LATAM,Incident,Local,202048.0,INC9975991,Created,1.0,202048
LATAM,Other - LATAM,Incident,Local,202048.0,INC9983458,Created,1.0,202048
LATAM,Other - LATAM,Incident,Local,202048.0,INC9983705,Created,1.0,202048
LATAM,Other - LATAM,Incident,Local,202048.0,INC9999203,Created,1.0,202048
NA.,JD Edwards,SR,GD,202048.0,INC9976384,Created,1.0,202048
Global - EMEA,Maconomy - EMEA,SR,GD,202048.0,INC9989143,Created,1.0,202049
Global - EMEA,Maconomy - EMEA,SR,GD,202048.0,INC9993475,Created,1.0,202049
Global - NA,Maconomy - NA,SR,Local,202048.0,INC9979423,Created,1.0,202049
Global - EMEA,Maconomy - EMEA,SR,GD,202049.0,INC10013351,Created,1.0,202049
Global - EMEA,Maconomy - EMEA,SR,GD,202049.0,INC10019085,Created,1.0,202049
Global - EMEA,HR.net (Talent Tree),SR,GD,202049.0,INC10022898,Created,1.0,202049
Global - EMEA,Maconomy - EMEA,SR,GD,202049.0,INC10030173,Created,1.0,202049
Global - EMEA,Maconomy - EMEA,SR,GD,202049.0,INC10031077,Created,1.0,202049
Global - EMEA,Maconomy - EMEA,SR,GD,202049.0,INC9652376,Resolved,1.0,202049
Global - NA,Maconomy - NA,SR,GD,202049.0,INC10007732,Created,1.0,202049
LATAM,Other - LATAM,Incident,Local,202049.0,INC10008358,Created,1.0,202049
LATAM,Other - LATAM,SR,Local,202049.0,INC9707946,Resolved,1.0,202049
NA.,SAP,SR,GD,202049.0,INC10008193,Created,1.0,202049
NA.,Other - NA,SR,Local,202049.0,INC10032593,Created,1.0,202049
NA.,"Other - NA
",SR,Local,202048.0,INC9985547,Created,1.0,202050
Global - EMEA,Maconomy - EMEA,SR,GD,202049.0,INC10019708,Created,1.0,202050
Global - EMEA,Maconomy - EMEA,SR,GD,202049.0,INC10020259,Created,1.0,202050
APAC,Other - APAC,Incident,GD,202050.0,INC10043278,Created,1.0,202050
Global - EMEA,Maconomy - EMEA,SR,GD,202050.0,INC10039592,Created,1.0,202050
Global - NA,Maconomy - NA,SER,Local,202050.0,INC10046386,Created,1.0,202050
Global - NA,Maconomy - NA,SR,GD,202050.0,INC10055872,Created,1.0,202050
LATAM,Other - LATAM,Incident,Local,202050.0,INC10041839,Created,1.0,202050
LATAM,Other - LATAM,Incident,Local,202050.0,INC10064588,Created,1.0,202050
LATAM,Other - LATAM,SR,Local,202050.0,INC9784113,Resolved,1.0,202050
Global - EMEA,Maconomy - EMEA,Incident,GD,202048.0,INC9989991,Created,1.0,202051
Global - EMEA,Maconomy - EMEA,SR,GD,202050.0,INC10064185,Created,1.0,202051
LATAM,Other - LATAM,SR,Local,202050.0,INC10047370,Created,1.0,202051
LATAM,Tango & Condor,Incident,Local,202050.0,INC10055197,Created,1.0,202051
LATAM,Other - LATAM,SR,Local,202050.0,INC10065332,Created,1.0,202051
LATAM,Other - LATAM,Incident,Local,202051.0,INC10073404,Created,1.0,202051
LATAM,Other - LATAM,SR,Local,202051.0,INC10078415,Created,1.0,202051
LATAM,Other - LATAM,SR,Local,202051.0,INC10086193,Created,1.0,202051
LATAM,Tango & Condor,Incident,Local,202051.0,INC10092090,Created,1.0,202051
LATAM,Other - LATAM,Incident,Local,202051.0,INC10092300,Created,1.0,202051
NA.,SAP,Incident,GD,202051.0,INC10072605,Created,1.0,202051
Global - EMEA,Maconomy - EMEA,SR,GD,202051.0,INC10082664,Created,1.0,202052
Global - NA,Maconomy - NA,SR,Local,202051.0,INC10099473,Created,1.0,202052
Global - EMEA,Maconomy - EMEA,Incident,GD,202052.0,INC10101986,Created,1.0,202052
Global - EMEA,Maconomy - EMEA,SR,GD,202052.0,INC10111952,Created,1.0,202052
LATAM,Other - LATAM,SR,Local,202052.0,INC10102582,Created,1.0,202052
APAC,Other - APAC,Incident,GD,202053.0,INC10120423,Created,1.0,202053
APAC,Other - APAC,SR,Local,202053.0,INC10123390,Created,1.0,202053
APAC,Adept,SER,Local,202053.0,INC7924787,Resolved,1.0,202053
APAC,Other - APAC,SR,GD,202053.0,INC9015698,Resolved,1.0,202053
APAC,Other - APAC,Incident,GD,202053.0,INC9960188,Resolved,1.0,202053
Global - EMEA,Maconomy - EMEA,SR,GD,202053.0,INC10128727,Created,1.0,202053
Global - NA,Maconomy - NA,SR,GD,202053.0,INC10121540,Created,1.0,202053
LATAM,Other - LATAM,Incident,Local,202051.0,INC10090363,Created,1.0,202101
LATAM,Other - LATAM,SR,Local,202053.0,INC10129191,Created,1.0,202101
APAC,Other - APAC,Incident,GD,202101.0,INC10163552,Created,1.0,202101
Global - EMEA,Maconomy - EMEA,SR,Local,202101.0,INC10139514,Created,1.0,202101
Global - EMEA,Maconomy - EMEA,SR,GD,202101.0,INC10156399,Created,1.0,202101
LATAM,Other - LATAM,SR,Local,202101.0,INC10139365,Created,1.0,202101
LATAM,Other - LATAM,SR,Local,202101.0,INC10141609,Created,1.0,202101
LATAM,Other - LATAM,SR,Local,202101.0,INC10142076,Created,1.0,202101
LATAM,Other - LATAM,Incident,Local,202101.0,INC10160207,Created,1.0,202101
APAC,Adept,SR,GD,202052.0,INC10012121,Resolved,1.0,202102
APAC,Adept,SR,GD,202052.0,INC10024752,Resolved,1.0,202102
Global - EMEA,Maconomy - EMEA,Incident,GD,202052.0,INC10008231,Resolved,1.0,202102
Global - EMEA,HR.net (Talent Tree),SR,Local,202052.0,INC10011208,Resolved,1.0,202102
Global - EMEA,Maconomy - EMEA,SR,GD,202052.0,INC10012658,Resolved,1.0,202102
Global - EMEA,Maconomy - EMEA,SR,GD,202052.0,INC10016810,Resolved,1.0,202102
Global - EMEA,Maconomy - EMEA,SR,GD,202052.0,INC10017544,Resolved,1.0,202102
Global - EMEA,Maconomy - EMEA,Incident,GD,202052.0,INC10020410,Resolved,1.0,202102
Global - EMEA,Maconomy - EMEA,SR,GD,202052.0,INC10020458,Resolved,1.0,202102
Global - EMEA,Maconomy - EMEA,Incident,GD,202052.0,INC10024311,Resolved,1.0,202102
Global - EMEA,Maconomy - NA,SR,GD,202052.0,INC10028632,Resolved,1.0,202102
Global - NA,Maconomy - NA,SER,GD,202052.0,INC10001233,Resolved,1.0,202102
Global - NA,Maconomy - NA,SR,GD,202052.0,INC10002726,Resolved,1.0,202102
LATAM,Other - LATAM,SR,Local,202052.0,INC10012584,Resolved,1.0,202102
LATAM,Other - LATAM,SR,Local,202052.0,INC10015525,Resolved,1.0,202102
LATAM,Tango & Condor,SR,Local,202052.0,INC10016367,Resolved,1.0,202102
LATAM,Tango & Condor,Incident,Local,202052.0,INC10026861,Resolved,1.0,202102
LATAM,Tango & Condor,SR,Local,202052.0,INC10028019,Resolved,1.0,202102
NA.,PeopleSoft Ricochet,SR,GD,202052.0,INC10026987,Resolved,1.0,202102
APAC,Adept,SR,GD,202053.0,INC10009840,Resolved,1.0,202102
Global - EMEA,Maconomy - EMEA,SR,GD,202053.0,INC10016092,Resolved,1.0,202102
Global - EMEA,Maconomy - EMEA,SR,GD,202053.0,INC10029317,Resolved,1.0,202102
LATAM,Other - LATAM,SR,Local,202053.0,INC10012764,Resolved,1.0,202102
LATAM,Other - LATAM,SR,Local,202053.0,INC10020555,Resolved,1.0,202102
LATAM,Other - LATAM,SR,Local,202053.0,INC10021535,Resolved,1.0,202102
APAC,Adept,SER,GD,202101.0,INC10009310,Resolved,1.0,202102
APAC,Other - APAC,Incident,Local,202101.0,INC10010742,Resolved,1.0,202102
APAC,Adept,Incident,Local,202101.0,INC10011068,Resolved,1.0,202102
APAC,Adept,SR,GD,202101.0,INC10023574,Resolved,1.0,202102
Global - EMEA,Maconomy - EMEA,SR,Local,202101.0,INC10006412,Resolved,1.0,202102
Global - EMEA,Maconomy - EMEA,SER,GD,202101.0,INC10014958,Resolved,1.0,202102
Global - EMEA,Maconomy - EMEA,SR,GD,202101.0,INC10020082,Resolved,1.0,202102
Global - EMEA,Maconomy - EMEA,SER,Local,202101.0,INC10026663,Resolved,1.0,202102
Global - EMEA,Maconomy - EMEA,SR,GD,202101.0,INC10162027,Created,1.0,202102
Global - EMEA,Maconomy - EMEA,SR,GD,202101.0,INC10169564,Created,1.0,202102
Global - NA,Maconomy - NA,SR,Local,202101.0,INC10027005,Resolved,1.0,202102
Global - NA,Maconomy - NA,SR,GD,202101.0,INC10162340,Created,1.0,202102
Global - NA,Maconomy - NA,SR,GD,202101.0,INC10162354,Created,1.0,202102
Global - NA,Maconomy - NA,SR,GD,202101.0,INC10162523,Created,1.0,202102
Global - NA,Maconomy - NA,SR,GD,202101.0,INC10162603,Created,1.0,202102
Global - NA,Maconomy - NA,SR,GD,202101.0,INC10162627,Created,1.0,202102
LATAM,Other - LATAM,SR,Local,202101.0,INC10000505,Resolved,1.0,202102
LATAM,Other - LATAM,Incident,Local,202101.0,INC10000866,Resolved,1.0,202102
LATAM,Other - LATAM,Incident,Local,202101.0,INC10006011,Resolved,1.0,202102
LATAM,Tango & Condor,SER,Local,202101.0,INC10008188,Resolved,1.0,202102
LATAM,Tango & Condor,Incident,Local,202101.0,INC10009275,Resolved,1.0,202102
LATAM,Tango & Condor,SR,Local,202101.0,INC10020820,Resolved,1.0,202102
LATAM,Tango & Condor,Incident,Local,202101.0,INC10020912,Resolved,1.0,202102
LATAM,Tango & Condor,Incident,Local,202101.0,INC10020938,Resolved,1.0,202102
LATAM,Tango & Condor,Incident,Local,202101.0,INC10021750,Resolved,1.0,202102
LATAM,Tango & Condor,SER,Local,202101.0,INC10021914,Resolved,1.0,202102
LATAM,Other - LATAM,SR,Local,202101.0,INC10026940,Resolved,1.0,202102
LATAM,Tango & Condor,SR,Local,202101.0,INC10027556,Resolved,1.0,202102
LATAM,Tango & Condor,SR,Local,202101.0,INC10027725,Resolved,1.0,202102
LATAM,Other - LATAM,Incident,Local,202101.0,INC10165487,Created,1.0,202102
LATAM,Other - LATAM,SR,Local,202101.0,INC10167347,Created,1.0,202102
NA.,"Other - NA
",SR,Local,202101.0,INC10016476,Resolved,1.0,202102
NA.,SAP,SR,Local,202101.0,INC10020312,Resolved,1.0,202102
APAC,Other - APAC,SR,GD,202102.0,INC10172357,Created,1.0,202102
APAC,Other - APAC,SR,GD,202102.0,INC10178013,Created,1.0,202102
APAC,Other - APAC,SR,GD,202102.0,INC10178833,Created,1.0,202102
APAC,Other - APAC,SR,GD,202102.0,INC10192206,Created,1.0,202102
Global - EMEA,Maconomy - EMEA,SR,GD,202102.0,INC10012188,Resolved,1.0,202102
Global - EMEA,Maconomy - EMEA,SR,GD,202102.0,INC10017846,Resolved,1.0,202102
Global - EMEA,Maconomy - EMEA,SR,GD,202102.0,INC10026795,Resolved,1.0,202102
Global - EMEA,Maconomy - EMEA,SR,Local,202102.0,INC10030818,Resolved,1.0,202102
Global - EMEA,Maconomy - EMEA,SR,GD,202102.0,INC10172476,Created,1.0,202102
Global - NA,Maconomy - NA,SR,Local,202102.0,INC10014808,Resolved,1.0,202102
Global - NA,Maconomy - NA,SR,Local,202102.0,INC10019927,Resolved,1.0,202102
LATAM,Tango & Condor,SR,Local,202102.0,INC10028183,Resolved,1.0,202102
LATAM,Other - LATAM,Incident,Local,202102.0,INC10182254,Created,1.0,202102
NA.,JD Edwards,SR,GD,202102.0,INC10008807,Resolved,1.0,202102
NA.,SAP,SR,GD,202102.0,INC10200515,Created,1.0,202102
Global - EMEA,Maconomy - EMEA,SER,GD,202101.0,INC10138343,Created,1.0,202103
LATAM,Tango & Condor,Incident,Local,202101.0,INC10163091,Created,1.0,202103
NA.,PeopleSoft Ricochet,SR,Local,202101.0,INC10143599,Created,1.0,202103
LATAM,Other - LATAM,Incident,Local,202102.0,INC10181617,Created,1.0,202103
LATAM,Other - LATAM,Incident,Local,202102.0,INC10194310,Created,1.0,202103
LATAM,Other - LATAM,SR,Local,202102.0,INC10194857,Created,1.0,202103
LATAM,Other - LATAM,SR,Local,202102.0,INC10199675,Created,1.0,202103
APAC,Adept,SR,Local,202103.0,INC10203415,Created,1.0,202103
APAC,Other - APAC,SR,GD,202103.0,INC10210090,Created,1.0,202103
APAC,Other - APAC,SR,GD,202103.0,INC10210552,Created,1.0,202103
Global - EMEA,Maconomy - EMEA,SR,GD,202103.0,INC10205961,Created,1.0,202103
LATAM,Other - LATAM,Incident,Local,202103.0,INC10208934,Created,1.0,202103
LATAM,Other - LATAM,SR,Local,202103.0,INC10225646,Created,1.0,202103
Global - EMEA,Maconomy - EMEA,SR,GD,202101.0,INC10166655,Created,1.0,202104
NA.,"Other - NA
",SR,Local,202102.0,INC10200479,Created,1.0,202104
APAC,Adept,Incident,GD,202103.0,INC10210483,Created,1.0,202104
Global - EMEA,Maconomy - EMEA,SR,GD,202104.0,INC10254148,Created,1.0,202104
Global - EMEA,Maconomy - EMEA,SR,GD,202104.0,INC10259933,Created,1.0,202104
Global - EMEA,Maconomy - EMEA,SR,Local,202104.0,INC8826593,Resolved,1.0,202104
Global - NA,Maconomy - NA,SR,Local,202104.0,INC10241053,Created,1.0,202104
APAC,Other - APAC,SR,GD,202102.0,INC10184789,Created,1.0,202105
Global - EMEA,Maconomy - EMEA,SER,GD,202103.0,INC10223092,Created,1.0,202105
Global - EMEA,Maconomy - EMEA,SR,GD,202104.0,INC10268337,Created,1.0,202105
Global - NA,Maconomy - NA,SR,GD,202104.0,INC10253620,Created,1.0,202105
Global - NA,Maconomy - NA,SR,GD,202104.0,INC10260677,Created,1.0,202105
Global - NA,Maconomy - NA,SR,GD,202104.0,INC10265444,Created,1.0,202105
APAC,Adept,SR,GD,202105.0,INC10278254,Created,1.0,202105
Global - EMEA,Maconomy - NA,SER,GD,202105.0,INC10281227,Created,1.0,202105
Global - EMEA,Maconomy - EMEA,Incident,GD,202105.0,INC10292307,Created,1.0,202105
Global - NA,Maconomy - NA,SR,Local,202105.0,INC10284837,Created,1.0,202105
Global - NA,Maconomy - NA,SR,Local,202105.0,INC10285374,Created,1.0,202105
LATAM,Tango & Condor,Incident,Local,202105.0,INC10296098,Created,1.0,202105
LATAM,Other - LATAM,Incident,Local,202105.0,INC10296230,Created,1.0,202105
Global - EMEA,Maconomy - NA,SR,GD,202103.0,INC10223203,Created,1.0,202106
NA.,"Other - NA
",SR,Local,202103.0,INC10226621,Created,1.0,202106
Global - NA,Maconomy - NA,SR,GD,202104.0,INC10250002,Created,1.0,202106
LATAM,Tango & Condor,SER,Local,202105.0,INC10295517,Created,1.0,202106
LATAM,Other - LATAM,SR,Local,202105.0,INC10296064,Created,1.0,202106
Global - NA,Maconomy - NA,SR,GD,202106.0,INC10184811,Resolved,1.0,202106
LATAM,Other - LATAM,Incident,Local,202106.0,INC10308183,Created,1.0,202106
LATAM,Other - LATAM,SR,Local,202106.0,INC10309757,Created,1.0,202106
LATAM,Other - LATAM,Incident,Local,202106.0,INC10316766,Created,1.0,202106
LATAM,Other - LATAM,SR,Local,202106.0,INC10316809,Created,1.0,202106
LATAM,Other - LATAM,SR,Local,202106.0,INC10317232,Created,1.0,202106
LATAM,Other - LATAM,SR,Local,202106.0,INC10323845,Created,1.0,202106
Global - EMEA,Maconomy - EMEA,SER,GD,202104.0,INC10259288,Created,1.0,202107
Global - NA,Maconomy - NA,SR,GD,202106.0,INC10328019,Created,1.0,202107
Global - NA,Maconomy - NA,SR,GD,202106.0,INC10329024,Created,1.0,202107
LATAM,Other - LATAM,SR,Local,202106.0,INC10328017,Created,1.0,202107
LATAM,Other - LATAM,SR,Local,202106.0,INC10335594,Created,1.0,202107
LATAM,Other - LATAM,SR,Local,202106.0,INC10336612,Created,1.0,202107
Global - NA,Maconomy - NA,SR,GD,202107.0,INC10359547,Created,1.0,202107
APAC,Other - APAC,Incident,Local,202105.0,INC10269847,Created,1.0,202108
Global - NA,Maconomy - NA,SR,GD,202106.0,INC10327664,Created,1.0,202108
APAC,Other - APAC,Incident,Local,202107.0,INC10356442,Created,1.0,202108
APAC,Other - APAC,SR,Local,202108.0,INC10249490,Resolved,1.0,202108
Global - NA,Maconomy - NA,SR,GD,202108.0,INC10386210,Created,1.0,202108
LATAM,Tango & Condor,SER,Local,202108.0,INC3073361,Resolved,1.0,202108
Global - EMEA,Maconomy - EMEA,SER,GD,202107.0,INC10354161,Created,1.0,202109
APAC,Other - APAC,Incident,Local,202108.0,INC10371889,Created,1.0,202109
APAC,Other - APAC,SR,GD,202108.0,INC10403376,Created,1.0,202109
APAC,Other - APAC,SR,GD,202109.0,INC10403766,Created,1.0,202109
APAC,Other - APAC,SR,GD,202109.0,INC10419356,Created,1.0,202109
LATAM,Other - LATAM,SR,Local,202109.0,INC10423906,Created,1.0,202109
NA.,PeopleSoft Ricochet,Incident,Local,202109.0,INC10407157,Created,1.0,202109
APAC,Other - APAC,SR,GD,202109.0,INC10425388,Created,1.0,202110
Global - NA,Maconomy - NA,SR,GD,202109.0,INC10427994,Created,1.0,202110
Global - EMEA,Maconomy - EMEA,SR,GD,202110.0,INC10467279,Created,1.0,202110
LATAM,Other - LATAM,Incident,Local,202110.0,INC10450314,Created,1.0,202110
LATAM,Other - LATAM,SR,Local,202110.0,INC10452116,Created,1.0,202110
LATAM,Other - LATAM,SR,Local,202110.0,INC10457023,Created,1.0,202110
LATAM,Other - LATAM,Incident,Local,202110.0,INC10464846,Created,1.0,202110
LATAM,Other - LATAM,SR,Local,202108.0,INC10373637,Created,1.0,202111
LATAM,Other - LATAM,SR,Local,202108.0,INC10387514,Created,1.0,202111
APAC,Other - APAC,SR,GD,202110.0,INC10461706,Created,1.0,202111
Global - EMEA,Maconomy - EMEA,SR,GD,202110.0,INC10449933,Created,1.0,202111
APAC,Other - APAC,Incident,GD,202111.0,INC10478908,Created,1.0,202111
APAC,Adept,SR,Local,202111.0,INC9675881,Resolved,1.0,202111
APAC,Adept,SR,Local,202111.0,INC9701865,Resolved,1.0,202111
Global - EMEA,Maconomy - EMEA,SR,GD,202111.0,INC10490865,Created,1.0,202111
Global - NA,Maconomy - NA,Incident,Local,202111.0,INC10481588,Created,1.0,202111
Global - NA,Maconomy - NA,SR,Local,202111.0,INC9892973,Resolved,1.0,202111
LATAM,Other - LATAM,SR,Local,202111.0,INC10482153,Created,1.0,202111
LATAM,Other - LATAM,SR,Local,202111.0,INC10482237,Created,1.0,202111
LATAM,Other - LATAM,SR,Local,202111.0,INC10484321,Created,1.0,202111
APAC,Other - APAC,Incident,GD,202111.0,INC10491920,Created,1.0,202112
Global - EMEA,Maconomy - EMEA,SR,GD,202111.0,INC10492084,Created,1.0,202112
Global - NA,Maconomy - NA,SR,Local,202111.0,INC10485693,Created,1.0,202112
APAC,Other - APAC,SR,GD,202112.0,INC10513780,Created,1.0,202112
APAC,Other - APAC,SR,GD,202112.0,INC10519554,Created,1.0,202112
APAC,Other - APAC,SR,GD,202112.0,INC10528289,Created,1.0,202112
APAC,Adept,SER,GD,202112.0,INC8029512,Resolved,1.0,202112
APAC,Adept,SR,Local,202112.0,INC9650366,Resolved,1.0,202112
LATAM,Tango & Condor,Incident,Local,202112.0,INC10519227,Created,1.0,202112
LATAM,Other - LATAM,Incident,Local,202112.0,INC10523071,Created,1.0,202112
LATAM,Other - LATAM,SR,Local,202112.0,INC10536068,Created,1.0,202112
Global - EMEA,Maconomy - EMEA,SR,GD,202112.0,INC10541727,Created,1.0,202113
Global - NA,Maconomy - NA,SR,GD,202112.0,INC10521658,Created,1.0,202113
LATAM,Tango & Condor,SR,Local,202112.0,INC10544279,Created,1.0,202113
APAC,Other - APAC,Incident,GD,202113.0,INC10547801,Created,1.0,202113
APAC,Other - APAC,SR,GD,202113.0,INC10562706,Created,1.0,202113
Global - EMEA,Maconomy - NA,SR,GD,202113.0,INC10370657,Resolved,1.0,202113
Global - EMEA,Maconomy - EMEA,SR,GD,202113.0,INC10563481,Created,1.0,202113
Global - EMEA,Maconomy - EMEA,SR,GD,202113.0,INC10563570,Created,1.0,202113
Global - EMEA,Maconomy - EMEA,SER,Local,202113.0,INC9052797,Resolved,1.0,202113
Global - NA,Maconomy - NA,SR,GD,202113.0,INC10552276,Created,1.0,202113
Global - NA,Maconomy - NA,SR,GD,202113.0,INC10552302,Created,1.0,202113
LATAM,Other - LATAM,Incident,Local,202113.0,INC10567271,Created,1.0,202113
LATAM,Other - LATAM,Incident,Local,202111.0,INC10488713,Created,1.0,202114
LATAM,Other - LATAM,SR,Local,202112.0,INC10467863,Resolved,1.0,202114
APAC,Other - APAC,SR,GD,202113.0,INC10562324,Created,1.0,202114
Global - EMEA,HR.net (Talent Tree),Incident,GD,202113.0,INC10572238,Created,1.0,202114
Global - NA,Maconomy - NA,SR,GD,202113.0,INC10567482,Created,1.0,202114
LATAM,Other - LATAM,SR,Local,202113.0,INC10570187,Created,1.0,202114
APAC,Other - APAC,SR,GD,202114.0,INC10585114,Created,1.0,202114
Global - EMEA,Maconomy - EMEA,SR,GD,202114.0,INC10600247,Created,1.0,202114
Global - EMEA,Maconomy - EMEA,SR,GD,202114.0,INC10603104,Created,1.0,202114
Global - NA,Maconomy - NA,SR,GD,202114.0,INC10370632,Resolved,1.0,202114
LATAM,Other - LATAM,Incident,Local,202114.0,INC10582168,Created,1.0,202114
LATAM,Other - LATAM,SR,Local,202114.0,INC10582976,Created,1.0,202114
NA.,SAP,SR,GD,202114.0,INC10581751,Created,1.0,202114
NA.,Other - NA,SR,GD,202114.0,INC10589065,Created,1.0,202114
LATAM,Other - LATAM,SR,Local,202114.0,INC10604058,Created,1.0,202115
LATAM,Other - LATAM,Incident,Local,202114.0,INC10610839,Created,1.0,202115
APAC,Other - APAC,SR,GD,202115.0,INC10635682,Created,1.0,202115
Global - EMEA,Maconomy - EMEA,SR,Local,202115.0,INC10478199,Resolved,1.0,202115
Global - EMEA,Maconomy - EMEA,SR,GD,202115.0,INC10618530,Created,1.0,202115
LATAM,Other - LATAM,Incident,Local,202115.0,INC10639767,Created,1.0,202115
LATAM,Other - LATAM,SR,Local,202115.0,INC10640052,Created,1.0,202115
LATAM,Other - LATAM,Incident,Local,202115.0,INC10640136,Created,1.0,202115
LATAM,Other - LATAM,Incident,Local,202115.0,INC10640327,Created,1.0,202115
LATAM,Other - LATAM,Incident,Local,202115.0,INC10645908,Created,1.0,202115
APAC,Other - APAC,Incident,Local,202114.0,INC10585981,Created,1.0,202116
Global - NA,Maconomy - NA,SR,GD,202114.0,INC10588947,Created,1.0,202116
NA.,"Other - NA
",SR,Local,202114.0,INC10609801,Created,1.0,202116
APAC,Other - APAC,Incident,Local,202115.0,INC10614950,Created,1.0,202116
APAC,Other - APAC,SR,GD,202115.0,INC10635459,Created,1.0,202116
APAC,Adept,SR,GD,202115.0,INC10641362,Created,1.0,202116
Global - EMEA,Maconomy - EMEA,SR,GD,202115.0,INC10625504,Created,1.0,202116
Global - NA,Maconomy - NA,SR,GD,202115.0,INC10643107,Created,1.0,202116
Global - NA,Maconomy - NA,SR,GD,202115.0,INC10648296,Created,1.0,202116
Global - NA,Maconomy - NA,SR,GD,202115.0,INC10648297,Created,1.0,202116
LATAM,Other - LATAM,SR,Local,202115.0,INC10637279,Created,1.0,202116
LATAM,Other - LATAM,SR,Local,202115.0,INC10639658,Created,1.0,202116
APAC,Other - APAC,SR,GD,202116.0,INC10296996,Resolved,1.0,202116
APAC,Adept,SR,GD,202116.0,INC10656716,Created,1.0,202116
APAC,Other - APAC,SR,GD,202116.0,INC10657003,Created,1.0,202116
Global - EMEA,Maconomy - EMEA,Incident,GD,202116.0,INC10649800,Created,1.0,202116
Global - EMEA,Maconomy - EMEA,SR,GD,202116.0,INC10652917,Created,1.0,202116
Global - NA,Maconomy - NA,SR,GD,202116.0,INC10652014,Created,1.0,202116
LATAM,Other - LATAM,Incident,Local,202116.0,INC10653480,Created,1.0,202116
LATAM,Other - LATAM,SR,Local,202116.0,INC10655380,Created,1.0,202116
LATAM,Other - LATAM,SR,Local,202116.0,INC10666917,Created,1.0,202116
LATAM,Other - LATAM,Incident,Local,202116.0,INC10675693,Created,1.0,202116
NA.,SAP,Incident,GD,202116.0,INC10667367,Created,1.0,202116
Global - EMEA,Maconomy - EMEA,SR,GD,202115.0,INC10643473,Created,1.0,202117
LATAM,Tango & Condor,Incident,Local,202116.0,INC10668587,Created,1.0,202117
APAC,Other - APAC,Incident,GD,202117.0,INC9236200,Resolved,1.0,202117
Global - NA,Maconomy - NA,SR,GD,202117.0,INC10700116,Created,1.0,202117
LATAM,Other - LATAM,SR,Local,202117.0,INC10703167,Created,1.0,202117
LATAM,Other - LATAM,Incident,Local,202117.0,INC10717929,Created,1.0,202117
NA.,Other - NA,SR,Local,202117.0,INC10704896,Created,1.0,202117
APAC,Other - APAC,SR,GD,202117.0,INC10701103,Created,1.0,202118
Global - EMEA,Maconomy - EMEA,SR,GD,202118.0,INC10727453,Created,1.0,202118
Global - EMEA,Maconomy - EMEA,SR,GD,202118.0,INC10732075,Created,1.0,202118
LATAM,Tango & Condor,SER,Local,202116.0,INC10673418,Created,1.0,202119
APAC,Adept,SR,GD,202117.0,INC10685761,Created,1.0,202119
Global - EMEA,Maconomy - EMEA,SR,GD,202117.0,INC10691309,Created,1.0,202119
Global - EMEA,Maconomy - EMEA,SR,GD,202118.0,INC10742146,Created,1.0,202119
Global - EMEA,Maconomy - EMEA,SR,GD,202118.0,INC10744338,Created,1.0,202119
Global - NA,Maconomy - NA,SR,Local,202118.0,INC10746465,Created,1.0,202119
LATAM,Other - LATAM,SR,Local,202118.0,INC10749218,Created,1.0,202119
APAC,Adept,SR,GD,202119.0,INC10759363,Created,1.0,202119
Global - EMEA,Maconomy - EMEA,SR,GD,202119.0,INC10760815,Created,1.0,202119
LATAM,Other - LATAM,SR,Local,202119.0,INC10765811,Created,1.0,202119
Global - NA,Maconomy - NA,SR,GD,202117.0,INC10688516,Created,1.0,202120
Global - EMEA,Maconomy - EMEA,SR,GD,202118.0,INC10738784,Created,1.0,202120
APAC,Other - APAC,SR,GD,202119.0,INC10781757,Created,1.0,202120
LATAM,Other - LATAM,SR,Local,202119.0,INC10789748,Created,1.0,202120
Global - EMEA,Maconomy - EMEA,SR,GD,202120.0,INC10055019,Resolved,1.0,202120
Global - EMEA,Maconomy - EMEA,SR,GD,202120.0,INC10795005,Created,1.0,202120
Global - EMEA,Maconomy - EMEA,SR,GD,202120.0,INC10799317,Created,1.0,202120
Global - EMEA,Maconomy - NA,SR,GD,202120.0,INC10799891,Created,1.0,202120
LATAM,Other - LATAM,SR,Local,202120.0,INC10795530,Created,1.0,202120
LATAM,Other - LATAM,SR,Local,202120.0,INC10800684,Created,1.0,202120
LATAM,Other - LATAM,SR,Local,202120.0,INC10804588,Created,1.0,202120
LATAM,Other - LATAM,Incident,Local,202120.0,INC10808589,Created,1.0,202120
LATAM,Other - LATAM,Incident,Local,202120.0,INC10808781,Created,1.0,202120
LATAM,Tango & Condor,Incident,Local,202120.0,INC10823499,Created,1.0,202120
Global - EMEA,Maconomy - EMEA,SER,GD,202118.0,INC10746794,Created,1.0,202121
LATAM,Other - LATAM,SR,Local,202119.0,INC10791546,Created,1.0,202121
Global - EMEA,Maconomy - EMEA,SR,GD,202120.0,INC10808217,Created,1.0,202121
Global - EMEA,Maconomy - EMEA,SR,GD,202120.0,INC10810463,Created,1.0,202121
Global - EMEA,Maconomy - EMEA,SR,GD,202120.0,INC10817801,Created,1.0,202121
Global - EMEA,Maconomy - EMEA,SR,GD,202121.0,INC10855961,Created,1.0,202121
Global - NA,Maconomy - NA,SR,Local,202121.0,INC10842688,Created,1.0,202121
Global - NA,Maconomy - NA,SR,GD,202121.0,INC10861635,Created,1.0,202121
LATAM,Tango & Condor,Incident,Local,202121.0,INC10840075,Created,1.0,202121
LATAM,Other - LATAM,Incident,Local,202121.0,INC10862178,Created,1.0,202121
LATAM,Other - LATAM,SR,Local,202121.0,INC10865231,Created,1.0,202121
APAC,Adept,SER,Local,202120.0,INC10812852,Created,1.0,202122
APAC,Adept,SER,Local,202120.0,INC10820258,Created,1.0,202122
APAC,Other - APAC,Incident,Local,202121.0,INC10864351,Created,1.0,202122
APAC,Other - APAC,Incident,GD,202122.0,INC10876361,Created,1.0,202122
Global - EMEA,Maconomy - EMEA,SR,GD,202122.0,INC10885824,Created,1.0,202122
NA.,Other - NA,SR,GD,202122.0,INC10889037,Created,1.0,202122
Global - EMEA,Maconomy - EMEA,SR,GD,202120.0,INC10822501,Created,1.0,202123
APAC,Adept,Incident,GD,202122.0,INC10881870,Created,1.0,202123
Global - EMEA,Maconomy - EMEA,SER,GD,202122.0,INC10882867,Created,1.0,202123
Global - NA,Maconomy - NA,SR,GD,202122.0,INC10905648,Created,1.0,202123
LATAM,Other - LATAM,Incident,Local,202122.0,INC10896372,Created,1.0,202123
APAC,Adept,SER,Local,202123.0,INC10913168,Created,1.0,202123
Global - EMEA,Maconomy - EMEA,SR,GD,202123.0,INC10590562,Resolved,1.0,202123
LATAM,Other - LATAM,SR,Local,202123.0,INC10919952,Created,1.0,202123
LATAM,Other - LATAM,SR,Local,202123.0,INC10925574,Created,1.0,202123
Global - NA,Maconomy - NA,SR,GD,202121.0,INC10868934,Created,1.0,202124
APAC,Other - APAC,SR,Local,202122.0,INC10889828,Created,1.0,202124
APAC,Other - APAC,SR,Local,202123.0,INC10922383,Created,1.0,202124
Global - NA,Maconomy - NA,SR,GD,202123.0,INC10948621,Created,1.0,202124
LATAM,Other - LATAM,SR,Local,202123.0,INC10945240,Created,1.0,202124
APAC,Adept,SR,GD,202124.0,INC10963567,Created,1.0,202124
Global - EMEA,Maconomy - EMEA,SER,GD,202124.0,INC10153907,Resolved,1.0,202124
Global - EMEA,Maconomy - EMEA,SR,GD,202124.0,INC10960228,Created,1.0,202124
Global - EMEA,Maconomy - EMEA,SER,GD,202124.0,INC9420474,Resolved,1.0,202124
LATAM,Other - LATAM,SR,Local,202124.0,INC10975050,Created,1.0,202124
NA.,SAP,SR,GD,202124.0,INC10974075,Created,1.0,202124
Global - NA,Maconomy - NA,SR,GD,202123.0,INC10917765,Created,1.0,202125
Global - NA,Maconomy - NA,SR,Local,202123.0,INC10945188,Created,1.0,202125
LATAM,Other - LATAM,SR,Local,202124.0,INC10990085,Created,1.0,202125
LATAM,Other - LATAM,SR,Local,202124.0,INC10990092,Created,1.0,202125
APAC,Adept,SR,GD,202125.0,INC11022554,Created,1.0,202125
LATAM,Tango & Condor,SER,Local,202125.0,INC10490657,Resolved,1.0,202125
LATAM,Other - LATAM,SR,Local,202125.0,INC10998781,Created,1.0,202125
LATAM,Other - LATAM,SR,Local,202125.0,INC11004085,Created,1.0,202125
LATAM,Other - LATAM,SR,Local,202125.0,INC11018398,Created,1.0,202125
APAC,Adept,SR,GD,202123.0,INC10928966,Created,1.0,202126
LATAM,Tango & Condor,SR,Local,202124.0,INC10988837,Created,1.0,202126
APAC,Adept,SR,GD,202125.0,INC11007648,Created,1.0,202126
Global - EMEA,Maconomy - EMEA,SR,GD,202125.0,INC11008034,Created,1.0,202126
Global - EMEA,Maconomy - NA,SER,GD,202125.0,INC11010839,Created,1.0,202126
NA.,SAP,SR,GD,202125.0,INC11025932,Created,1.0,202126
APAC,Adept,SR,GD,202126.0,INC11038460,Created,1.0,202126
Global - EMEA,Maconomy - NA,SR,Local,202126.0,INC11035945,Created,1.0,202126
Global - EMEA,Maconomy - EMEA,SR,GD,202126.0,INC11036528,Created,1.0,202126
Global - NA,Maconomy - NA,SR,Local,202126.0,INC10478504,Resolved,1.0,202126
LATAM,Other - LATAM,SR,Local,202125.0,INC11019637,Created,1.0,202127
Global - NA,Maconomy - NA,SR,GD,202126.0,INC11056302,Created,1.0,202127
LATAM,Other - LATAM,SR,Local,202126.0,INC11065168,Created,1.0,202127
NA.,SAP,Incident,GD,202126.0,INC11067819,Created,1.0,202127
Global - EMEA,Maconomy - EMEA,SR,GD,202127.0,INC11069314,Created,1.0,202127
Global - EMEA,Maconomy - EMEA,SR,GD,202127.0,INC11080469,Created,1.0,202127
Global - EMEA,Maconomy - EMEA,SR,Local,202127.0,INC8578464,Resolved,1.0,202127
LATAM,Other - LATAM,SR,Local,202127.0,INC11074657,Created,1.0,202127
LATAM,Other - LATAM,SR,Local,202127.0,INC11081421,Created,1.0,202127
LATAM,Other - LATAM,Incident,Local,202127.0,INC11086627,Created,1.0,202127
APAC,Other - APAC,Incident,Local,202126.0,INC11046001,Created,1.0,202128
LATAM,Tango & Condor,Incident,Local,202126.0,INC11057752,Created,1.0,202128
LATAM,Tango & Condor,Incident,Local,202127.0,INC11090436,Created,1.0,202128
APAC,Other - APAC,Incident,GD,202128.0,INC11114819,Created,1.0,202128
Global - EMEA,Maconomy - EMEA,SER,GD,202128.0,INC10746610,Resolved,1.0,202128
Global - EMEA,Maconomy - EMEA,SER,GD,202128.0,INC9784004,Resolved,1.0,202128
LATAM,Tango & Condor,SER,Local,202128.0,INC10349404,Resolved,1.0,202128
LATAM,Other - LATAM,Incident,Local,202128.0,INC11111197,Created,1.0,202128
LATAM,Other - LATAM,SR,Local,202128.0,INC11119048,Created,1.0,202128
LATAM,Other - LATAM,SR,Local,202128.0,INC11120500,Created,1.0,202128
LATAM,Other - LATAM,SR,Local,202128.0,INC11120761,Created,1.0,202128
LATAM,Other - LATAM,Incident,Local,202128.0,INC11131419,Created,1.0,202128
LATAM,Other - LATAM,SR,Local,202128.0,INC11132092,Created,1.0,202128
LATAM,Tango & Condor,SER,Local,202128.0,INC2890693,Resolved,1.0,202128
NA.,"Other - NA
",Incident,Local,202128.0,INC11118314,Created,1.0,202128
NA.,Other - NA,SR,GD,202128.0,INC11132438,Created,1.0,202128
Global - EMEA,Maconomy - EMEA,SER,GD,202128.0,INC11120659,Created,1.0,202129
LATAM,Other - LATAM,SR,Local,202128.0,INC11118470,Created,1.0,202129
LATAM,Other - LATAM,Incident,Local,202128.0,INC11127182,Created,1.0,202129
LATAM,Other - LATAM,SR,Local,202128.0,INC11134692,Created,1.0,202129
LATAM,Other - LATAM,SR,Local,202128.0,INC11138169,Created,1.0,202129
LATAM,Other - LATAM,SR,Local,202128.0,INC11139281,Created,1.0,202129
APAC,Other - APAC,SR,GD,202129.0,INC11162560,Created,1.0,202129
Global - EMEA,Maconomy - EMEA,SR,GD,202129.0,INC11146099,Created,1.0,202129
Global - EMEA,Maconomy - EMEA,SR,GD,202129.0,INC11151398,Created,1.0,202129
Global - EMEA,Maconomy - EMEA,SER,Local,202129.0,INC6218510,Resolved,1.0,202129
Global - NA,Maconomy - NA,SR,GD,202129.0,INC10951111,Resolved,1.0,202129
LATAM,Other - LATAM,Incident,Local,202129.0,INC10948807,Resolved,1.0,202129
LATAM,Other - LATAM,SR,Local,202129.0,INC11145497,Created,1.0,202129
LATAM,Other - LATAM,SR,Local,202129.0,INC11154212,Created,1.0,202129
LATAM,Other - LATAM,Incident,Local,202129.0,INC11154806,Created,1.0,202129
LATAM,Other - LATAM,SR,Local,202129.0,INC11161021,Created,1.0,202129
APAC,Adept,Incident,Local,202127.0,INC11071234,Created,1.0,202130
APAC,Other - APAC,Incident,Local,202127.0,INC11101196,Created,1.0,202130
APAC,Other - APAC,Incident,Local,202129.0,INC11146331,Created,1.0,202130
APAC,Other - APAC,Incident,Local,202129.0,INC11146346,Created,1.0,202130
APAC,Other - APAC,SR,Local,202129.0,INC11158052,Created,1.0,202130
Global - EMEA,Maconomy - EMEA,SR,GD,202129.0,INC11162379,Created,1.0,202130
LATAM,Other - LATAM,SR,Local,202129.0,INC11148763,Created,1.0,202130
APAC,Other - APAC,Incident,GD,202130.0,INC11190486,Created,1.0,202130
APAC,Other - APAC,SR,GD,202130.0,INC11190490,Created,1.0,202130
Global - EMEA,Maconomy - EMEA,SR,GD,202130.0,INC11185067,Created,1.0,202130
Global - NA,Maconomy - NA,SR,GD,202130.0,INC11185155,Created,1.0,202130
LATAM,Other - LATAM,Incident,Local,202130.0,INC11186815,Created,1.0,202130
LATAM,Other - LATAM,SR,Local,202130.0,INC11187869,Created,1.0,202130
LATAM,Other - LATAM,SR,Local,202130.0,INC11193396,Created,1.0,202130
LATAM,Other - LATAM,Incident,Local,202130.0,INC11207364,Created,1.0,202130
NA.,SAP,SR,GD,202130.0,INC11188427,Created,1.0,202130
LATAM,Other - LATAM,SR,Local,202128.0,INC11140339,Created,1.0,202131
EMEA,Other - EMEA,SR,Local,202130.0,INC11204635,Created,1.0,202131
Global - EMEA,Maconomy - EMEA,SR,Local,202130.0,INC11195024,Created,1.0,202131
LATAM,Other - LATAM,SR,Local,202130.0,INC11201156,Created,1.0,202131
NA.,PeopleSoft Ricochet,SR,GD,202130.0,INC11189491,Created,1.0,202131
Global - EMEA,Maconomy - EMEA,SR,GD,202131.0,INC11223425,Created,1.0,202131
Global - NA,Maconomy - NA,SR,GD,202131.0,INC10607835,Resolved,1.0,202131
Global - NA,Maconomy - NA,SR,GD,202131.0,INC11212306,Created,1.0,202131
LATAM,Other - LATAM,SR,Local,202131.0,INC11222173,Created,1.0,202131
LATAM,Other - LATAM,SR,Local,202131.0,INC11227873,Created,1.0,202131
LATAM,Other - LATAM,SR,Local,202131.0,INC11231148,Created,1.0,202131
LATAM,Other - LATAM,Incident,Local,202131.0,INC11235193,Created,1.0,202131
APAC,Other - APAC,SER,Local,202129.0,INC11168691,Created,1.0,202132
Global - EMEA,Maconomy - EMEA,SR,GD,202131.0,INC11233771,Created,1.0,202132
Global - EMEA,Maconomy - EMEA,Incident,GD,202131.0,INC11240104,Created,1.0,202132
LATAM,Other - LATAM,Incident,Local,202131.0,INC11229770,Created,1.0,202132
LATAM,Other - LATAM,SR,Local,202131.0,INC11237383,Created,1.0,202132
Global - EMEA,HR.net (Talent Tree),SR,Local,202132.0,INC11263249,Created,1.0,202132
Global - EMEA,Maconomy - NA,Incident,Local,202132.0,INC11263272,Created,1.0,202132
LATAM,Other - LATAM,Incident,Local,202132.0,INC11251562,Created,1.0,202132
LATAM,Other - LATAM,SR,Local,202132.0,INC11262349,Created,1.0,202132
NA.,"Other - NA
",SR,Local,202132.0,INC11250694,Created,1.0,202132
Global - NA,Maconomy - NA,SR,GD,202131.0,INC11226161,Created,1.0,202133
LATAM,Tango & Condor,Incident,Local,202132.0,INC11271823,Created,1.0,202133
NA.,Other - NA,SR,GD,202132.0,INC11258762,Created,1.0,202133
Global - EMEA,Maconomy - EMEA,SR,GD,202133.0,INC11304627,Created,1.0,202133
Global - NA,Maconomy - NA,SR,Local,202133.0,INC10285777,Resolved,1.0,202133
LATAM,Other - LATAM,SR,Local,202133.0,INC11282964,Created,1.0,202133
LATAM,Other - LATAM,SR,Local,202133.0,INC11283475,Created,1.0,202133
LATAM,Other - LATAM,SR,Local,202133.0,INC11301225,Created,1.0,202133
LATAM,Other - LATAM,SR,Local,202133.0,INC11301443,Created,1.0,202133
LATAM,Other - LATAM,SR,Local,202133.0,INC11301571,Created,1.0,202133
LATAM,Other - LATAM,Incident,Local,202133.0,INC11301841,Created,1.0,202133
NA.,"Other - NA
",SR,Local,202133.0,INC11297049,Created,1.0,202133
APAC,Other - APAC,Incident,GD,202131.0,INC11218307,Created,1.0,202134
Global - EMEA,Maconomy - EMEA,SR,GD,202131.0,INC11239272,Created,1.0,202134
Global - NA,Maconomy - NA,SR,GD,202132.0,INC11259176,Created,1.0,202134
APAC,Other - APAC,SR,Local,202133.0,INC11301028,Created,1.0,202134
Global - EMEA,Maconomy - EMEA,SR,Local,202133.0,INC11296933,Created,1.0,202134
Global - NA,Maconomy - NA,SR,GD,202133.0,INC11310649,Created,1.0,202134
Global - EMEA,Maconomy - EMEA,SR,GD,202134.0,INC11317663,Created,1.0,202134
Global - EMEA,Maconomy - EMEA,SR,GD,202134.0,INC11319170,Created,1.0,202134
Global - EMEA,Maconomy - EMEA,SR,GD,202134.0,INC11326310,Created,1.0,202134
LATAM,Other - LATAM,SR,Local,202134.0,INC11315323,Created,1.0,202134
LATAM,Other - LATAM,SR,Local,202134.0,INC11315584,Created,1.0,202134
LATAM,Other - LATAM,SR,Local,202134.0,INC11318311,Created,1.0,202134
LATAM,Other - LATAM,SR,Local,202134.0,INC11322475,Created,1.0,202134
LATAM,Other - LATAM,Incident,Local,202134.0,INC11341519,Created,1.0,202134
LATAM,Other - LATAM,SR,Local,202132.0,INC11275328,Created,1.0,202135
Global - EMEA,Maconomy - EMEA,SR,GD,202134.0,INC11339670,Created,1.0,202135
APAC,Other - APAC,SR,GD,202135.0,INC11370428,Created,1.0,202135
EMEA,Other - EMEA,Incident,Local,202135.0,INC11345060,Created,1.0,202135
Global - EMEA,Maconomy - EMEA,SR,GD,202135.0,INC11370834,Created,1.0,202135
LATAM,Other - LATAM,SR,Local,202135.0,INC11348927,Created,1.0,202135
LATAM,Other - LATAM,SR,Local,202135.0,INC11356697,Created,1.0,202135
LATAM,Other - LATAM,Incident,Local,202135.0,INC11368799,Created,1.0,202135
LATAM,Other - LATAM,SR,Local,202135.0,INC11369185,Created,1.0,202135
LATAM,Other - LATAM,Incident,Local,202135.0,INC11375111,Created,1.0,202135
LATAM,Other - LATAM,Incident,Local,202135.0,INC11375859,Created,1.0,202135
NA.,PeopleSoft Ricochet,SER,GD,202135.0,INC4106642,Resolved,1.0,202135
Global - NA,Maconomy - NA,SR,GD,202133.0,INC11307497,Created,1.0,202136
APAC,Other - APAC,SR,GD,202134.0,INC11332757,Created,1.0,202136
Global - EMEA,Maconomy - EMEA,SR,GD,202134.0,INC11323747,Created,1.0,202136
Global - EMEA,Maconomy - EMEA,SR,GD,202135.0,INC11360251,Created,1.0,202136
Global - EMEA,Maconomy - EMEA,SR,GD,202135.0,INC11374677,Created,1.0,202136
APAC,Adept,Incident,Local,202136.0,INC11109311,Resolved,1.0,202136
Global - EMEA,Maconomy - EMEA,SR,Local,202136.0,INC11391368,Created,1.0,202136
LATAM,Other - LATAM,SR,Local,202136.0,INC11384935,Created,1.0,202136
LATAM,Other - LATAM,SR,Local,202136.0,INC11397727,Created,1.0,202136
LATAM,Other - LATAM,SR,Local,202136.0,INC11397788,Created,1.0,202136
LATAM,Other - LATAM,SR,Local,202136.0,INC11399958,Created,1.0,202136
LATAM,Other - LATAM,Incident,Local,202136.0,INC11401002,Created,1.0,202136
LATAM,Other - LATAM,SR,Local,202136.0,INC11405859,Created,1.0,202136
Global - EMEA,Maconomy - EMEA,SR,GD,202135.0,INC11370635,Created,1.0,202137
Global - NA,Maconomy - NA,SR,GD,202135.0,INC11373258,Created,1.0,202137
APAC,Other - APAC,SR,GD,202136.0,INC11402262,Created,1.0,202137
Global - EMEA,Maconomy - EMEA,Incident,GD,202136.0,INC11398333,Created,1.0,202137
LATAM,Other - LATAM,SR,Local,202136.0,INC11398996,Created,1.0,202137
LATAM,Other - LATAM,SR,Local,202136.0,INC11400436,Created,1.0,202137
LATAM,Other - LATAM,SR,Local,202137.0,INC11422365,Created,1.0,202137
LATAM,Other - LATAM,SR,Local,202137.0,INC11428893,Created,1.0,202137
LATAM,Other - LATAM,Incident,Local,202137.0,INC11431075,Created,1.0,202137
LATAM,Other - LATAM,SR,Local,202137.0,INC11435125,Created,1.0,202137
LATAM,Other - LATAM,SR,Local,202137.0,INC11435205,Created,1.0,202137
NA.,Other - NA,SR,GD,202137.0,INC11422420,Created,1.0,202137
NA.,"Other - NA
",SR,Local,202137.0,INC11443092,Created,1.0,202137
